player_name_home_player_1_info,player_name_home_player_2_info,player_name_home_player_3_info,player_name_home_player_4_info,player_name_home_player_5_info,player_name_home_player_6_info,player_name_home_player_7_info,player_name_home_player_8_info,player_name_home_player_9_info,player_name_home_player_10_info,player_name_home_player_11_info,player_name_home_player_1_info.1,player_name_home_player_2_info.1,player_name_home_player_3_info.1,player_name_home_player_4_info.1,player_name_home_player_5_info.1,player_name_home_player_6_info.1,player_name_home_player_7_info.1,player_name_home_player_8_info.1,player_name_home_player_9_info.1,player_name_home_player_10_info.1,player_name_home_player_11_info.1,home_player_1,home_player_2,home_player_3,home_player_4,home_player_5,home_player_6,home_player_7,home_player_8,home_player_9,home_player_10,home_player_11,home_player_1_position,home_player_2_position,home_player_3_position,home_player_4_position,home_player_5_position,home_player_6_position,home_player_7_position,home_player_8_position,home_player_9_position,home_player_10_position,home_player_11_position
Carlos Kameni,Sergio Sanchez,Daniel Jarque,,Gregory Beranger,Roman Martinez,Hurtado Perez Moises,Ivan de la Pena,Valdo,Raul Tamudo,Luis Garcia,Carlos Kameni,Sergio Sanchez,Daniel Jarque,,Gregory Beranger,Roman Martinez,Hurtado Perez Moises,Ivan de la Pena,Valdo,Raul Tamudo,Luis Garcia,25563,28439,33768.0,,75196,18592,24099,32766,33872,32764,24852,1.0,3.0,3.0,3.0,3.0,7.0,7.0,7.0,10.0,10.0,10.0
Carlos Kameni,Steve Finnan,Daniel Jarque,Sergio Sanchez,Gregory Beranger,Roman Martinez,Hurtado Perez Moises,Ferran Corominas,Luis Garcia,Nene,Raul Tamudo,Carlos Kameni,Steve Finnan,Daniel Jarque,Sergio Sanchez,Gregory Beranger,Roman Martinez,Hurtado Perez Moises,Ferran Corominas,Luis Garcia,Nene,Raul Tamudo,25563,24137,33768.0,28439.0,75196,18592,24099,33773,24852,37429,32764,1.0,3.0,3.0,3.0,3.0,6.0,6.0,8.0,8.0,8.0,11.0
Carlos Kameni,Sergio Sanchez,,Daniel Jarque,Gregory Beranger,Hurtado Perez Moises,Angel Cervara,Ferran Corominas,Nene,Luis Garcia,Raul Tamudo,Carlos Kameni,Sergio Sanchez,,Daniel Jarque,Gregory Beranger,Hurtado Perez Moises,Angel Cervara,Ferran Corominas,Nene,Luis Garcia,Raul Tamudo,25563,28439,,33768.0,75196,24099,47193,33773,37429,24852,32764,1.0,3.0,3.0,3.0,3.0,5.0,5.0,7.0,7.0,10.0,10.0
Carlos Kameni,Sergio Sanchez,Daniel Jarque,Nicolas Pareja,Francisco Chica,Angel Cervara,Hurtado Perez Moises,Luis Garcia,Ferran Corominas,Nene,Jose Maria Callejon,Carlos Kameni,Sergio Sanchez,Daniel Jarque,Nicolas Pareja,Francisco Chica,Angel Cervara,Hurtado Perez Moises,Luis Garcia,Ferran Corominas,Nene,Jose Maria Callejon,25563,28439,33768.0,38385.0,45440,47193,24099,24852,33773,37429,150330,1.0,3.0,3.0,3.0,3.0,6.0,6.0,8.0,8.0,8.0,11.0
Carlos Kameni,Sergio Sanchez,Daniel Jarque,Nicolas Pareja,Francisco Chica,Hurtado Perez Moises,Angel Cervara,Francisco Rufete,Ferran Corominas,Nene,Luis Garcia,Carlos Kameni,Sergio Sanchez,Daniel Jarque,Nicolas Pareja,Francisco Chica,Hurtado Perez Moises,Angel Cervara,Francisco Rufete,Ferran Corominas,Nene,Luis Garcia,25563,28439,33768.0,38385.0,45440,24099,47193,37455,33773,37429,24852,1.0,3.0,3.0,3.0,3.0,6.0,6.0,8.0,8.0,8.0,11.0
Carlos Kameni,Francisco Chica,Daniel Jarque,Nicolas Pareja,Gregory Beranger,Milan Smiljanic,Roman Martinez,Jose Maria Callejon,Ferran Corominas,Nene,Luis Garcia,Carlos Kameni,Francisco Chica,Daniel Jarque,Nicolas Pareja,Gregory Beranger,Milan Smiljanic,Roman Martinez,Jose Maria Callejon,Ferran Corominas,Nene,Luis Garcia,25563,45440,33768.0,38385.0,75196,16230,18592,150330,33773,37429,24852,1.0,3.0,3.0,3.0,3.0,6.0,6.0,8.0,8.0,8.0,11.0
Carlos Kameni,Sergio Sanchez,Marc Torrejon Moya,Nicolas Pareja,David Garcia,Milan Smiljanic,Roman Martinez,Ferran Corominas,Luis Garcia,Nene,Ivan Alonso,Carlos Kameni,Sergio Sanchez,Marc Torrejon Moya,Nicolas Pareja,David Garcia,Milan Smiljanic,Roman Martinez,Ferran Corominas,Luis Garcia,Nene,Ivan Alonso,25563,28439,37879.0,38385.0,33767,16230,18592,33773,24852,37429,75194,1.0,3.0,3.0,3.0,3.0,6.0,6.0,8.0,8.0,8.0,11.0
Carlos Kameni,Sergio Sanchez,Daniel Jarque,Nicolas Pareja,David Garcia,Hurtado Perez Moises,Luis Garcia,Roman Martinez,Ivan de la Pena,Nene,Ivan Alonso,Carlos Kameni,Sergio Sanchez,Daniel Jarque,Nicolas Pareja,David Garcia,Hurtado Perez Moises,Luis Garcia,Roman Martinez,Ivan de la Pena,Nene,Ivan Alonso,25563,28439,33768.0,38385.0,33767,24099,24852,18592,32766,37429,75194,1.0,3.0,3.0,3.0,3.0,5.0,7.0,7.0,7.0,7.0,11.0
Carlos Kameni,Sergio Sanchez,Daniel Jarque,Nicolas Pareja,David Garcia,Hurtado Perez Moises,Ivan de la Pena,Francisco Rufete,Luis Garcia,Nene,Raul Tamudo,Carlos Kameni,Sergio Sanchez,Daniel Jarque,Nicolas Pareja,David Garcia,Hurtado Perez Moises,Ivan de la Pena,Francisco Rufete,Luis Garcia,Nene,Raul Tamudo,25563,28439,33768.0,38385.0,33767,24099,32766,37455,24852,37429,32764,1.0,3.0,3.0,3.0,3.0,6.0,6.0,8.0,8.0,8.0,11.0
Carlos Kameni,Sergio Sanchez,Daniel Jarque,Nicolas Pareja,David Garcia,Jose Maria Callejon,Hurtado Perez Moises,Ivan de la Pena,Ivan Alonso,Nene,Raul Tamudo,Carlos Kameni,Sergio Sanchez,Daniel Jarque,Nicolas Pareja,David Garcia,Jose Maria Callejon,Hurtado Perez Moises,Ivan de la Pena,Ivan Alonso,Nene,Raul Tamudo,25563,28439,33768.0,38385.0,33767,150330,24099,32766,75194,37429,32764,1.0,3.0,3.0,3.0,3.0,6.0,6.0,8.0,8.0,8.0,11.0
Carlos Kameni,Sergio Sanchez,Daniel Jarque,Nicolas Pareja,Gregory Beranger,Ferran Corominas,Hurtado Perez Moises,Roman Martinez,Nene,Luis Garcia,Raul Tamudo,Carlos Kameni,Sergio Sanchez,Daniel Jarque,Nicolas Pareja,Gregory Beranger,Ferran Corominas,Hurtado Perez Moises,Roman Martinez,Nene,Luis Garcia,Raul Tamudo,25563,28439,33768.0,38385.0,75196,33773,24099,18592,37429,24852,32764,1.0,3.0,3.0,3.0,3.0,7.0,7.0,7.0,7.0,10.0,10.0
Carlos Kameni,Sergio Sanchez,Daniel Jarque,Nicolas Pareja,David Garcia,Hurtado Perez Moises,Roman Martinez,Luis Garcia,Ivan Alonso,Nene,Raul Tamudo,Carlos Kameni,Sergio Sanchez,Daniel Jarque,Nicolas Pareja,David Garcia,Hurtado Perez Moises,Roman Martinez,Luis Garcia,Ivan Alonso,Nene,Raul Tamudo,25563,28439,33768.0,38385.0,33767,24099,18592,24852,75194,37429,32764,1.0,3.0,3.0,3.0,3.0,6.0,6.0,8.0,8.0,8.0,11.0
Carlos Kameni,Sergio Sanchez,Daniel Jarque,Nicolas Pareja,David Garcia,Luis Garcia,Hurtado Perez Moises,Ivan de la Pena,Nene,Ivan Alonso,Raul Tamudo,Carlos Kameni,Sergio Sanchez,Daniel Jarque,Nicolas Pareja,David Garcia,Luis Garcia,Hurtado Perez Moises,Ivan de la Pena,Nene,Ivan Alonso,Raul Tamudo,25563,28439,33768.0,38385.0,33767,24852,24099,32766,37429,75194,32764,1.0,3.0,3.0,3.0,3.0,7.0,7.0,7.0,7.0,10.0,10.0
Carlos Kameni,Sergio Sanchez,Daniel Jarque,Nicolas Pareja,Francisco Chica,Luis Garcia,Hurtado Perez Moises,Ivan de la Pena,Nene,Ivan Alonso,Raul Tamudo,Carlos Kameni,Sergio Sanchez,Daniel Jarque,Nicolas Pareja,Francisco Chica,Luis Garcia,Hurtado Perez Moises,Ivan de la Pena,Nene,Ivan Alonso,Raul Tamudo,25563,28439,33768.0,38385.0,45440,24852,24099,32766,37429,75194,32764,1.0,3.0,3.0,3.0,3.0,7.0,7.0,7.0,7.0,10.0,10.0
Carlos Kameni,Sergio Sanchez,Daniel Jarque,Marc Torrejon Moya,David Garcia,Ivan de la Pena,Hurtado Perez Moises,Luis Garcia,Jose Maria Callejon,Nene,Ivan Alonso,Carlos Kameni,Sergio Sanchez,Daniel Jarque,Marc Torrejon Moya,David Garcia,Ivan de la Pena,Hurtado Perez Moises,Luis Garcia,Jose Maria Callejon,Nene,Ivan Alonso,25563,28439,33768.0,37879.0,33767,32766,24099,24852,150330,37429,75194,1.0,3.0,3.0,3.0,3.0,6.0,6.0,8.0,8.0,8.0,11.0
Carlos Kameni,Francisco Chica,Daniel Jarque,Nicolas Pareja,David Garcia,Hurtado Perez Moises,Ivan de la Pena,Francisco Rufete,Luis Garcia,Nene,Raul Tamudo,Carlos Kameni,Francisco Chica,Daniel Jarque,Nicolas Pareja,David Garcia,Hurtado Perez Moises,Ivan de la Pena,Francisco Rufete,Luis Garcia,Nene,Raul Tamudo,25563,45440,33768.0,38385.0,33767,24099,32766,37455,24852,37429,32764,1.0,3.0,3.0,3.0,3.0,6.0,6.0,8.0,8.0,8.0,11.0
Carlos Kameni,Sergio Sanchez,Nicolas Pareja,Daniel Jarque,Francisco Chica,Hurtado Perez Moises,Roman Martinez,Ferran Corominas,Luis Garcia,Nene,Raul Tamudo,Carlos Kameni,Sergio Sanchez,Nicolas Pareja,Daniel Jarque,Francisco Chica,Hurtado Perez Moises,Roman Martinez,Ferran Corominas,Luis Garcia,Nene,Raul Tamudo,25563,28439,38385.0,33768.0,45440,24099,18592,33773,24852,37429,32764,1.0,3.0,3.0,3.0,3.0,6.0,6.0,8.0,8.0,8.0,11.0
Carlos Kameni,Sergio Sanchez,Daniel Jarque,Nicolas Pareja,Gregory Beranger,Roman Martinez,Hurtado Perez Moises,Luis Garcia,Ivan de la Pena,Nene,Raul Tamudo,Carlos Kameni,Sergio Sanchez,Daniel Jarque,Nicolas Pareja,Gregory Beranger,Roman Martinez,Hurtado Perez Moises,Luis Garcia,Ivan de la Pena,Nene,Raul Tamudo,25563,28439,33768.0,38385.0,75196,18592,24099,24852,32766,37429,32764,1.0,3.0,3.0,3.0,3.0,6.0,6.0,8.0,8.0,8.0,11.0
Carlos Kameni,Sergio Sanchez,Daniel Jarque,Nicolas Pareja,Gregory Beranger,Ferran Corominas,Hurtado Perez Moises,Ivan de la Pena,Nene,Luis Garcia,Raul Tamudo,Carlos Kameni,Sergio Sanchez,Daniel Jarque,Nicolas Pareja,Gregory Beranger,Ferran Corominas,Hurtado Perez Moises,Ivan de la Pena,Nene,Luis Garcia,Raul Tamudo,25563,28439,33768.0,38385.0,75196,33773,24099,32766,37429,24852,32764,1.0,3.0,3.0,3.0,3.0,7.0,7.0,7.0,7.0,10.0,10.0
Carlos Kameni,Francisco Chica,Nicolas Pareja,Juan Forlin,David Garcia,Joan Verdu,Hurtado Perez Moises,Luis Garcia,Ivan Alonso,Jose Maria Callejon,Raul Tamudo,Carlos Kameni,Francisco Chica,Nicolas Pareja,Juan Forlin,David Garcia,Joan Verdu,Hurtado Perez Moises,Luis Garcia,Ivan Alonso,Jose Maria Callejon,Raul Tamudo,25563,45440,38385.0,121716.0,33767,37441,24099,24852,75194,150330,32764,1.0,3.0,3.0,3.0,3.0,6.0,6.0,8.0,8.0,8.0,11.0
Carlos Kameni,Ivan Pillud,Victor Ruiz,Nicolas Pareja,Francisco Chica,Jose Raul Baena,Juan Forlin,Ferran Corominas,Luis Garcia,Ben Sahar,Jose Maria Callejon,Carlos Kameni,Ivan Pillud,Victor Ruiz,Nicolas Pareja,Francisco Chica,Jose Raul Baena,Juan Forlin,Ferran Corominas,Luis Garcia,Ben Sahar,Jose Maria Callejon,25563,164033,182921.0,38385.0,45440,186121,121716,33773,24852,47552,150330,1.0,3.0,3.0,3.0,3.0,6.0,6.0,8.0,8.0,8.0,11.0
Carlos Kameni,Facundo Sebastian Roncaglia,Victor Ruiz,Nicolas Pareja,Francisco Chica,Hurtado Perez Moises,Javi Moreno Marquez,Luis Garcia,Joan Verdu,Jose Maria Callejon,Ivan Alonso,Carlos Kameni,Facundo Sebastian Roncaglia,Victor Ruiz,Nicolas Pareja,Francisco Chica,Hurtado Perez Moises,Javi Moreno Marquez,Luis Garcia,Joan Verdu,Jose Maria Callejon,Ivan Alonso,25563,113318,182921.0,38385.0,45440,24099,80492,24852,37441,150330,75194,1.0,3.0,3.0,3.0,3.0,6.0,6.0,8.0,8.0,8.0,11.0
Cristian Alvarez,Facundo Sebastian Roncaglia,Nicolas Pareja,Juan Forlin,Francisco Chica,Hurtado Perez Moises,Javi Moreno Marquez,Luis Garcia,Joan Verdu,Jose Maria Callejon,Ivan Alonso,Cristian Alvarez,Facundo Sebastian Roncaglia,Nicolas Pareja,Juan Forlin,Francisco Chica,Hurtado Perez Moises,Javi Moreno Marquez,Luis Garcia,Joan Verdu,Jose Maria Callejon,Ivan Alonso,113695,113318,38385.0,121716.0,45440,24099,80492,24852,37441,150330,75194,1.0,3.0,3.0,3.0,3.0,6.0,6.0,8.0,8.0,8.0,11.0
Cristian Alvarez,Francisco Chica,Hurtado Perez Moises,Victor Ruiz,David Garcia,Jose Raul Baena,Javi Moreno Marquez,Joan Verdu,Luis Garcia,Jose Maria Callejon,Pablo Osvaldo,Cristian Alvarez,Francisco Chica,Hurtado Perez Moises,Victor Ruiz,David Garcia,Jose Raul Baena,Javi Moreno Marquez,Joan Verdu,Luis Garcia,Jose Maria Callejon,Pablo Osvaldo,113695,45440,24099.0,182921.0,33767,186121,80492,37441,24852,150330,40165,1.0,3.0,3.0,3.0,3.0,6.0,6.0,8.0,8.0,8.0,11.0
Carlos Kameni,Francisco Chica,Nicolas Pareja,Juan Forlin,David Garcia,Shunsuke Nakamura,Hurtado Perez Moises,Joan Verdu,Luis Garcia,Ivan Alonso,Raul Tamudo,Carlos Kameni,Francisco Chica,Nicolas Pareja,Juan Forlin,David Garcia,Shunsuke Nakamura,Hurtado Perez Moises,Joan Verdu,Luis Garcia,Ivan Alonso,Raul Tamudo,25563,45440,38385.0,121716.0,33767,30851,24099,37441,24852,75194,32764,1.0,3.0,3.0,3.0,3.0,7.0,7.0,7.0,7.0,10.0,10.0
Cristian Alvarez,Francisco Chica,Nicolas Pareja,Victor Ruiz,Didac Vila,Jose Raul Baena,Javi Moreno Marquez,Luis Garcia,Joan Verdu,Jose Maria Callejon,Pablo Osvaldo,Cristian Alvarez,Francisco Chica,Nicolas Pareja,Victor Ruiz,Didac Vila,Jose Raul Baena,Javi Moreno Marquez,Luis Garcia,Joan Verdu,Jose Maria Callejon,Pablo Osvaldo,113695,45440,38385.0,182921.0,163971,186121,80492,24852,37441,150330,40165,1.0,3.0,3.0,3.0,3.0,6.0,6.0,8.0,8.0,8.0,11.0
Carlos Kameni,Francisco Chica,Nicolas Pareja,Victor Ruiz,David Garcia,Jose Raul Baena,Javi Moreno Marquez,Luis Garcia,Joan Verdu,Jose Maria Callejon,Ivan Alonso,Carlos Kameni,Francisco Chica,Nicolas Pareja,Victor Ruiz,David Garcia,Jose Raul Baena,Javi Moreno Marquez,Luis Garcia,Joan Verdu,Jose Maria Callejon,Ivan Alonso,25563,45440,38385.0,182921.0,33767,186121,80492,24852,37441,150330,75194,1.0,3.0,3.0,3.0,3.0,6.0,6.0,8.0,8.0,8.0,11.0
Carlos Kameni,Francisco Chica,Juan Forlin,Victor Ruiz,Didac Vila,Hurtado Perez Moises,Javi Moreno Marquez,Luis Garcia,Joan Verdu,Jose Maria Callejon,Pablo Osvaldo,Carlos Kameni,Francisco Chica,Juan Forlin,Victor Ruiz,Didac Vila,Hurtado Perez Moises,Javi Moreno Marquez,Luis Garcia,Joan Verdu,Jose Maria Callejon,Pablo Osvaldo,25563,45440,121716.0,182921.0,163971,24099,80492,24852,37441,150330,40165,1.0,3.0,3.0,3.0,3.0,6.0,6.0,8.0,8.0,8.0,11.0
Cristian Alvarez,Francisco Chica,Nicolas Pareja,Victor Ruiz,Didac Vila,Hurtado Perez Moises,Javi Moreno Marquez,Jose Maria Callejon,Luis Garcia,Fernando Marquez,Pablo Osvaldo,Cristian Alvarez,Francisco Chica,Nicolas Pareja,Victor Ruiz,Didac Vila,Hurtado Perez Moises,Javi Moreno Marquez,Jose Maria Callejon,Luis Garcia,Fernando Marquez,Pablo Osvaldo,113695,45440,38385.0,182921.0,163971,24099,80492,150330,24852,68411,40165,1.0,3.0,3.0,3.0,3.0,6.0,6.0,8.0,8.0,8.0,11.0
Carlos Kameni,Francisco Chica,Nicolas Pareja,Juan Forlin,Didac Vila,Hurtado Perez Moises,Joan Verdu,Fernando Marquez,Luis Garcia,Jose Maria Callejon,Pablo Osvaldo,Carlos Kameni,Francisco Chica,Nicolas Pareja,Juan Forlin,Didac Vila,Hurtado Perez Moises,Joan Verdu,Fernando Marquez,Luis Garcia,Jose Maria Callejon,Pablo Osvaldo,25563,45440,38385.0,121716.0,163971,24099,37441,68411,24852,150330,40165,1.0,3.0,3.0,3.0,3.0,6.0,6.0,8.0,8.0,8.0,11.0
Carlos Kameni,Francisco Chica,Victor Ruiz,Nicolas Pareja,Didac Vila,Hurtado Perez Moises,Jose Raul Baena,Fernando Marquez,Luis Garcia,Jose Maria Callejon,Pablo Osvaldo,Carlos Kameni,Francisco Chica,Victor Ruiz,Nicolas Pareja,Didac Vila,Hurtado Perez Moises,Jose Raul Baena,Fernando Marquez,Luis Garcia,Jose Maria Callejon,Pablo Osvaldo,25563,45440,182921.0,38385.0,163971,24099,186121,68411,24852,150330,40165,1.0,3.0,3.0,3.0,3.0,6.0,6.0,8.0,8.0,8.0,11.0
Carlos Kameni,Francisco Chica,Nicolas Pareja,Victor Ruiz,Didac Vila,Juan Forlin,Jose Raul Baena,Jose Maria Callejon,Joan Verdu,Luis Garcia,Pablo Osvaldo,Carlos Kameni,Francisco Chica,Nicolas Pareja,Victor Ruiz,Didac Vila,Juan Forlin,Jose Raul Baena,Jose Maria Callejon,Joan Verdu,Luis Garcia,Pablo Osvaldo,25563,45440,38385.0,182921.0,163971,121716,186121,150330,37441,24852,40165,1.0,3.0,3.0,3.0,3.0,6.0,6.0,8.0,8.0,8.0,11.0
Carlos Kameni,Jordi Amat,Facundo Sebastian Roncaglia,Victor Ruiz,Didac Vila,Joan Verdu,Hurtado Perez Moises,Luis Garcia,Ivan Alonso,Jose Maria Callejon,Pablo Osvaldo,Carlos Kameni,Jordi Amat,Facundo Sebastian Roncaglia,Victor Ruiz,Didac Vila,Joan Verdu,Hurtado Perez Moises,Luis Garcia,Ivan Alonso,Jose Maria Callejon,Pablo Osvaldo,25563,193223,113318.0,182921.0,163971,37441,24099,24852,75194,150330,40165,1.0,3.0,3.0,3.0,3.0,6.0,6.0,8.0,8.0,8.0,11.0
Carlos Kameni,Jordi Amat,Juan Forlin,Victor Ruiz,David Garcia,Joan Verdu,Hurtado Perez Moises,Ferran Corominas,Ivan Alonso,Jose Maria Callejon,Pablo Osvaldo,Carlos Kameni,Jordi Amat,Juan Forlin,Victor Ruiz,David Garcia,Joan Verdu,Hurtado Perez Moises,Ferran Corominas,Ivan Alonso,Jose Maria Callejon,Pablo Osvaldo,25563,193223,121716.0,182921.0,33767,37441,24099,33773,75194,150330,40165,1.0,3.0,3.0,3.0,3.0,6.0,6.0,8.0,8.0,8.0,11.0
Carlos Kameni,Francisco Chica,Juan Forlin,Nicolas Pareja,David Garcia,Hurtado Perez Moises,Joan Verdu,Luis Garcia,Ferran Corominas,Ben Sahar,Jose Maria Callejon,Carlos Kameni,Francisco Chica,Juan Forlin,Nicolas Pareja,David Garcia,Hurtado Perez Moises,Joan Verdu,Luis Garcia,Ferran Corominas,Ben Sahar,Jose Maria Callejon,25563,45440,121716.0,38385.0,33767,24099,37441,24852,33773,47552,150330,1.0,3.0,3.0,3.0,3.0,6.0,6.0,8.0,8.0,8.0,11.0
Carlos Kameni,Francisco Chica,Nicolas Pareja,Facundo Sebastian Roncaglia,David Garcia,Hurtado Perez Moises,Joan Verdu,Ferran Corominas,Ivan Alonso,Shunsuke Nakamura,Jose Maria Callejon,Carlos Kameni,Francisco Chica,Nicolas Pareja,Facundo Sebastian Roncaglia,David Garcia,Hurtado Perez Moises,Joan Verdu,Ferran Corominas,Ivan Alonso,Shunsuke Nakamura,Jose Maria Callejon,25563,45440,38385.0,113318.0,33767,24099,37441,33773,75194,30851,150330,1.0,3.0,3.0,3.0,3.0,6.0,6.0,8.0,8.0,8.0,11.0
Carlos Kameni,Ivan Pillud,Facundo Sebastian Roncaglia,Nicolas Pareja,David Garcia,Hurtado Perez Moises,Joan Verdu,Ferran Corominas,Ivan Alonso,Luis Garcia,Jose Maria Callejon,Carlos Kameni,Ivan Pillud,Facundo Sebastian Roncaglia,Nicolas Pareja,David Garcia,Hurtado Perez Moises,Joan Verdu,Ferran Corominas,Ivan Alonso,Luis Garcia,Jose Maria Callejon,25563,164033,113318.0,38385.0,33767,24099,37441,33773,75194,24852,150330,1.0,3.0,3.0,3.0,3.0,6.0,6.0,8.0,8.0,8.0,11.0
Carlos Kameni,Ivan Pillud,Facundo Sebastian Roncaglia,Juan Forlin,David Garcia,Joan Verdu,Hurtado Perez Moises,Fernando Marquez,Ivan Alonso,Luis Garcia,Jose Maria Callejon,Carlos Kameni,Ivan Pillud,Facundo Sebastian Roncaglia,Juan Forlin,David Garcia,Joan Verdu,Hurtado Perez Moises,Fernando Marquez,Ivan Alonso,Luis Garcia,Jose Maria Callejon,25563,164033,113318.0,121716.0,33767,37441,24099,68411,75194,24852,150330,1.0,3.0,3.0,3.0,3.0,6.0,6.0,8.0,8.0,8.0,11.0
Cristian Alvarez,Francisco Chica,Ernesto Galan,Victor Ruiz,David Garcia,Javi Moreno Marquez,Juan Forlin,Luis Garcia,Joan Verdu,Jose Maria Callejon,Pablo Osvaldo,Cristian Alvarez,Francisco Chica,Ernesto Galan,Victor Ruiz,David Garcia,Javi Moreno Marquez,Juan Forlin,Luis Garcia,Joan Verdu,Jose Maria Callejon,Pablo Osvaldo,113695,45440,183331.0,182921.0,33767,80492,121716,24852,37441,150330,40165,1.0,3.0,3.0,3.0,3.0,6.0,6.0,8.0,8.0,8.0,11.0
Carlos Kameni,Javi Lopez,Juan Forlin,Victor Ruiz,Didac Vila,Javi Moreno Marquez,Jose Raul Baena,Luis Garcia,Joan Verdu,Jose Maria Callejon,Pablo Osvaldo,Carlos Kameni,Javi Lopez,Juan Forlin,Victor Ruiz,Didac Vila,Javi Moreno Marquez,Jose Raul Baena,Luis Garcia,Joan Verdu,Jose Maria Callejon,Pablo Osvaldo,25563,185123,121716.0,182921.0,163971,80492,186121,24852,37441,150330,40165,1.0,3.0,3.0,3.0,3.0,6.0,6.0,8.0,8.0,8.0,11.0
Carlos Kameni,Javi Lopez,Jordi Amat,Juan Forlin,Didac Vila,Jose Raul Baena,Javi Moreno Marquez,Luis Garcia,Joan Verdu,Jose Maria Callejon,Pablo Osvaldo,Carlos Kameni,Javi Lopez,Jordi Amat,Juan Forlin,Didac Vila,Jose Raul Baena,Javi Moreno Marquez,Luis Garcia,Joan Verdu,Jose Maria Callejon,Pablo Osvaldo,25563,185123,193223.0,121716.0,163971,186121,80492,24852,37441,150330,40165,1.0,3.0,3.0,3.0,3.0,6.0,6.0,8.0,8.0,8.0,11.0
Carlos Kameni,Francisco Chica,Juan Forlin,Victor Ruiz,Didac Vila,Jose Raul Baena,Javi Moreno Marquez,Luis Garcia,Sergio Garcia,Jose Maria Callejon,Pablo Osvaldo,Carlos Kameni,Francisco Chica,Juan Forlin,Victor Ruiz,Didac Vila,Jose Raul Baena,Javi Moreno Marquez,Luis Garcia,Sergio Garcia,Jose Maria Callejon,Pablo Osvaldo,25563,45440,121716.0,182921.0,163971,186121,80492,24852,38578,150330,40165,1.0,3.0,3.0,3.0,3.0,6.0,6.0,8.0,8.0,8.0,11.0
Carlos Kameni,Francisco Chica,Juan Forlin,Victor Ruiz,Didac Vila,Jose Raul Baena,Javi Moreno Marquez,Luis Garcia,Joan Verdu,Jose Maria Callejon,Pablo Osvaldo,Carlos Kameni,Francisco Chica,Juan Forlin,Victor Ruiz,Didac Vila,Jose Raul Baena,Javi Moreno Marquez,Luis Garcia,Joan Verdu,Jose Maria Callejon,Pablo Osvaldo,25563,45440,121716.0,182921.0,163971,186121,80492,24852,37441,150330,40165,1.0,3.0,3.0,3.0,3.0,6.0,6.0,8.0,8.0,8.0,11.0
Carlos Kameni,Francisco Chica,Jordi Amat,Victor Ruiz,Didac Vila,Jose Raul Baena,Javi Moreno Marquez,Luis Garcia,Joan Verdu,Jose Maria Callejon,Pablo Osvaldo,Carlos Kameni,Francisco Chica,Jordi Amat,Victor Ruiz,Didac Vila,Jose Raul Baena,Javi Moreno Marquez,Luis Garcia,Joan Verdu,Jose Maria Callejon,Pablo Osvaldo,25563,45440,193223.0,182921.0,163971,186121,80492,24852,37441,150330,40165,1.0,3.0,3.0,3.0,3.0,6.0,6.0,8.0,8.0,8.0,11.0
Carlos Kameni,Francisco Chica,Jordi Amat,Juan Forlin,David Garcia,Aldo Pedro Duscher,Joan Verdu,Javi Moreno Marquez,Luis Garcia,Jose Maria Callejon,Sergio Garcia,Carlos Kameni,Francisco Chica,Jordi Amat,Juan Forlin,David Garcia,Aldo Pedro Duscher,Joan Verdu,Javi Moreno Marquez,Luis Garcia,Jose Maria Callejon,Sergio Garcia,25563,45440,193223.0,121716.0,33767,33759,37441,80492,24852,150330,38578,1.0,3.0,3.0,3.0,3.0,7.0,7.0,7.0,7.0,7.0,11.0
Carlos Kameni,Francisco Chica,Jordi Amat,Ernesto Galan,Javi Lopez,Jose Raul Baena,Javi Moreno Marquez,Luis Garcia,Joan Verdu,Jose Maria Callejon,Sergio Garcia,Carlos Kameni,Francisco Chica,Jordi Amat,Ernesto Galan,Javi Lopez,Jose Raul Baena,Javi Moreno Marquez,Luis Garcia,Joan Verdu,Jose Maria Callejon,Sergio Garcia,25563,45440,193223.0,183331.0,185123,186121,80492,24852,37441,150330,38578,1.0,3.0,3.0,3.0,3.0,6.0,6.0,8.0,8.0,8.0,11.0
Carlos Kameni,Javi Lopez,Jordi Amat,Ernesto Galan,David Garcia,Javi Moreno Marquez,Luis Garcia,Jose Maria Callejon,Joan Verdu,Sergio Garcia,Alvaro Vazquez,Carlos Kameni,Javi Lopez,Jordi Amat,Ernesto Galan,David Garcia,Javi Moreno Marquez,Luis Garcia,Jose Maria Callejon,Joan Verdu,Sergio Garcia,Alvaro Vazquez,25563,185123,193223.0,183331.0,33767,80492,24852,150330,37441,38578,213489,1.0,3.0,3.0,3.0,3.0,5.0,7.0,7.0,9.0,11.0,11.0
Carlos Kameni,Javi Lopez,Jordi Amat,Ernesto Galan,Francisco Chica,Luis Garcia,Aldo Pedro Duscher,Joan Verdu,Jose Maria Callejon,Sergio Garcia,Alvaro Vazquez,Carlos Kameni,Javi Lopez,Jordi Amat,Ernesto Galan,Francisco Chica,Luis Garcia,Aldo Pedro Duscher,Joan Verdu,Jose Maria Callejon,Sergio Garcia,Alvaro Vazquez,25563,185123,193223.0,183331.0,45440,24852,33759,37441,150330,38578,213489,1.0,3.0,3.0,3.0,3.0,7.0,7.0,7.0,7.0,10.0,10.0
Carlos Kameni,Javi Lopez,Juan Forlin,Ernesto Galan,David Garcia,Jose Raul Baena,Javi Moreno Marquez,Luis Garcia,Joan Verdu,Jose Maria Callejon,Alvaro Vazquez,Carlos Kameni,Javi Lopez,Juan Forlin,Ernesto Galan,David Garcia,Jose Raul Baena,Javi Moreno Marquez,Luis Garcia,Joan Verdu,Jose Maria Callejon,Alvaro Vazquez,25563,185123,121716.0,183331.0,33767,186121,80492,24852,37441,150330,213489,1.0,3.0,3.0,3.0,3.0,6.0,6.0,8.0,8.0,8.0,11.0
Carlos Kameni,Ernesto Galan,Juan Forlin,Victor Ruiz,David Garcia,Aldo Pedro Duscher,Javi Moreno Marquez,Luis Garcia,Ivan Alonso,Jose Maria Callejon,Sergio Garcia,Carlos Kameni,Ernesto Galan,Juan Forlin,Victor Ruiz,David Garcia,Aldo Pedro Duscher,Javi Moreno Marquez,Luis Garcia,Ivan Alonso,Jose Maria Callejon,Sergio Garcia,25563,183331,121716.0,182921.0,33767,33759,80492,24852,75194,150330,38578,1.0,3.0,3.0,3.0,3.0,6.0,6.0,8.0,8.0,8.0,11.0
Carlos Kameni,Francisco Chica,Jordi Amat,Ernesto Galan,David Garcia,Javi Lopez,Javi Moreno Marquez,Luis Garcia,Joan Verdu,Jose Maria Callejon,Pablo Osvaldo,Carlos Kameni,Francisco Chica,Jordi Amat,Ernesto Galan,David Garcia,Javi Lopez,Javi Moreno Marquez,Luis Garcia,Joan Verdu,Jose Maria Callejon,Pablo Osvaldo,25563,45440,193223.0,183331.0,33767,185123,80492,24852,37441,150330,40165,1.0,3.0,3.0,3.0,3.0,6.0,6.0,8.0,8.0,8.0,11.0
Carlos Kameni,Ernesto Galan,Jordi Amat,Raul Rodriguez,Francisco Chica,Javi Lopez,Joan Verdu,Jose Maria Callejon,Ivan Alonso,Luis Garcia,Pablo Osvaldo,Carlos Kameni,Ernesto Galan,Jordi Amat,Raul Rodriguez,Francisco Chica,Javi Lopez,Joan Verdu,Jose Maria Callejon,Ivan Alonso,Luis Garcia,Pablo Osvaldo,25563,183331,193223.0,230993.0,45440,185123,37441,150330,75194,24852,40165,1.0,3.0,3.0,3.0,3.0,6.0,6.0,8.0,8.0,8.0,11.0
Carlos Kameni,Ernesto Galan,Raul Rodriguez,Jordi Amat,Francisco Chica,Javi Moreno Marquez,Joan Verdu,Luis Garcia,Ivan Alonso,Jose Maria Callejon,Pablo Osvaldo,Carlos Kameni,Ernesto Galan,Raul Rodriguez,Jordi Amat,Francisco Chica,Javi Moreno Marquez,Joan Verdu,Luis Garcia,Ivan Alonso,Jose Maria Callejon,Pablo Osvaldo,25563,183331,230993.0,193223.0,45440,80492,37441,24852,75194,150330,40165,1.0,3.0,3.0,3.0,3.0,6.0,6.0,8.0,8.0,8.0,11.0
Carlos Kameni,Ernesto Galan,Raul Rodriguez,Jordi Amat,Francisco Chica,Javi Lopez,Joan Verdu,Luis Garcia,Ivan Alonso,Jose Maria Callejon,Pablo Osvaldo,Carlos Kameni,Ernesto Galan,Raul Rodriguez,Jordi Amat,Francisco Chica,Javi Lopez,Joan Verdu,Luis Garcia,Ivan Alonso,Jose Maria Callejon,Pablo Osvaldo,25563,183331,230993.0,193223.0,45440,185123,37441,24852,75194,150330,40165,1.0,3.0,3.0,3.0,3.0,6.0,6.0,8.0,8.0,8.0,11.0
Cristian Alvarez,Ernesto Galan,Jordi Amat,Raul Rodriguez,Francisco Chica,Javi Lopez,Joan Verdu,Luis Garcia,Ivan Alonso,Alvaro Vazquez,Pablo Osvaldo,Cristian Alvarez,Ernesto Galan,Jordi Amat,Raul Rodriguez,Francisco Chica,Javi Lopez,Joan Verdu,Luis Garcia,Ivan Alonso,Alvaro Vazquez,Pablo Osvaldo,113695,183331,193223.0,230993.0,45440,185123,37441,24852,75194,213489,40165,1.0,3.0,3.0,3.0,3.0,6.0,6.0,8.0,8.0,8.0,11.0
Carlos Kameni,Francisco Chica,Jordi Amat,Victor Ruiz,Didac Vila,Aldo Pedro Duscher,Javi Moreno Marquez,Luis Garcia,Joan Verdu,Jose Maria Callejon,Alvaro Vazquez,Carlos Kameni,Francisco Chica,Jordi Amat,Victor Ruiz,Didac Vila,Aldo Pedro Duscher,Javi Moreno Marquez,Luis Garcia,Joan Verdu,Jose Maria Callejon,Alvaro Vazquez,25563,45440,193223.0,182921.0,163971,33759,80492,24852,37441,150330,213489,1.0,3.0,3.0,3.0,3.0,6.0,6.0,8.0,8.0,8.0,11.0
Cristian Alvarez,Francisco Chica,Juan Forlin,Victor Ruiz,David Garcia,Aldo Pedro Duscher,Javi Moreno Marquez,Sergio Garcia,Joan Verdu,Jesus Datolo,Jose Maria Callejon,Cristian Alvarez,Francisco Chica,Juan Forlin,Victor Ruiz,David Garcia,Aldo Pedro Duscher,Javi Moreno Marquez,Sergio Garcia,Joan Verdu,Jesus Datolo,Jose Maria Callejon,113695,45440,121716.0,182921.0,33767,33759,80492,38578,37441,18705,150330,1.0,3.0,3.0,3.0,3.0,6.0,6.0,8.0,8.0,8.0,11.0
Francisco Casilla,Ernesto Galan,Raul Rodriguez,Hector Moreno,Didac Vila,Juan Forlin,Jose Raul Baena,Vladimir Weiss,Joan Verdu,Romaric,Thievy Bifouma,Francisco Casilla,Ernesto Galan,Raul Rodriguez,Hector Moreno,Didac Vila,Juan Forlin,Jose Raul Baena,Vladimir Weiss,Joan Verdu,Romaric,Thievy Bifouma,40672,183331,230993.0,70812.0,163971,121716,186121,163199,37441,31014,254702,1.0,3.0,3.0,3.0,3.0,6.0,6.0,8.0,8.0,8.0,11.0
Cristian Alvarez,Javi Lopez,Raul Rodriguez,Hector Moreno,Didac Vila,Juan Forlin,Javi Moreno Marquez,Sergio Garcia,Joan Verdu,Romaric,Alvaro Vazquez,Cristian Alvarez,Javi Lopez,Raul Rodriguez,Hector Moreno,Didac Vila,Juan Forlin,Javi Moreno Marquez,Sergio Garcia,Joan Verdu,Romaric,Alvaro Vazquez,113695,185123,230993.0,70812.0,163971,121716,80492,38578,37441,31014,213489,1.0,3.0,3.0,3.0,3.0,6.0,6.0,8.0,8.0,8.0,11.0
Cristian Alvarez,Javi Lopez,Raul Rodriguez,Hector Moreno,Didac Vila,Juan Forlin,Romaric,Sergio Garcia,Joan Verdu,Jesus Datolo,Alvaro Vazquez,Cristian Alvarez,Javi Lopez,Raul Rodriguez,Hector Moreno,Didac Vila,Juan Forlin,Romaric,Sergio Garcia,Joan Verdu,Jesus Datolo,Alvaro Vazquez,113695,185123,230993.0,70812.0,163971,121716,31014,38578,37441,18705,213489,1.0,3.0,3.0,3.0,3.0,6.0,6.0,8.0,8.0,8.0,11.0
Cristian Alvarez,Ernesto Galan,Hector Moreno,Raul Rodriguez,Didac Vila,Juan Forlin,Christian Gomez,Vladimir Weiss,Joan Verdu,Romaric,Alvaro Vazquez,Cristian Alvarez,Ernesto Galan,Hector Moreno,Raul Rodriguez,Didac Vila,Juan Forlin,Christian Gomez,Vladimir Weiss,Joan Verdu,Romaric,Alvaro Vazquez,113695,183331,70812.0,230993.0,163971,121716,282475,163199,37441,31014,213489,1.0,3.0,3.0,3.0,3.0,6.0,6.0,8.0,8.0,8.0,11.0
Cristian Alvarez,Ernesto Galan,Raul Rodriguez,Hector Moreno,Didac Vila,Romaric,Juan Forlin,Rui Fonte,Joan Verdu,Thievy Bifouma,Sergio Garcia,Cristian Alvarez,Ernesto Galan,Raul Rodriguez,Hector Moreno,Didac Vila,Romaric,Juan Forlin,Rui Fonte,Joan Verdu,Thievy Bifouma,Sergio Garcia,113695,183331,230993.0,70812.0,163971,31014,121716,159598,37441,254702,38578,1.0,3.0,3.0,3.0,3.0,5.0,5.0,5.0,8.0,10.0,10.0
Cristian Alvarez,Jordi Amat,Raul Rodriguez,Hector Moreno,Didac Vila,Juan Forlin,Romaric,Thievy Bifouma,Joan Verdu,Vladimir Weiss,Sergio Garcia,Cristian Alvarez,Jordi Amat,Raul Rodriguez,Hector Moreno,Didac Vila,Juan Forlin,Romaric,Thievy Bifouma,Joan Verdu,Vladimir Weiss,Sergio Garcia,113695,193223,230993.0,70812.0,163971,121716,31014,254702,37441,163199,38578,1.0,3.0,3.0,3.0,3.0,6.0,6.0,8.0,8.0,8.0,11.0
Francisco Casilla,Ernesto Galan,Raul Rodriguez,Hector Moreno,Didac Vila,Juan Forlin,Jose Raul Baena,Vladimir Weiss,Joan Verdu,Romaric,Rui Fonte,Francisco Casilla,Ernesto Galan,Raul Rodriguez,Hector Moreno,Didac Vila,Juan Forlin,Jose Raul Baena,Vladimir Weiss,Joan Verdu,Romaric,Rui Fonte,40672,183331,230993.0,70812.0,163971,121716,186121,163199,37441,31014,159598,1.0,3.0,3.0,3.0,3.0,6.0,6.0,8.0,8.0,8.0,11.0
Francisco Casilla,Javi Lopez,Raul Rodriguez,Hector Moreno,Didac Vila,Juan Forlin,Joan Verdu,Vladimir Weiss,Romaric,Philippe Coutinho,Kalu Uche,Francisco Casilla,Javi Lopez,Raul Rodriguez,Hector Moreno,Didac Vila,Juan Forlin,Joan Verdu,Vladimir Weiss,Romaric,Philippe Coutinho,Kalu Uche,40672,185123,230993.0,70812.0,163971,121716,37441,163199,31014,184536,43329,1.0,3.0,3.0,3.0,3.0,6.0,6.0,8.0,8.0,8.0,11.0
Francisco Casilla,Javi Lopez,Raul Rodriguez,Hector Moreno,Didac Vila,Juan Forlin,Christian Gomez,Philippe Coutinho,Joan Verdu,Vladimir Weiss,Alvaro Vazquez,Francisco Casilla,Javi Lopez,Raul Rodriguez,Hector Moreno,Didac Vila,Juan Forlin,Christian Gomez,Philippe Coutinho,Joan Verdu,Vladimir Weiss,Alvaro Vazquez,40672,185123,230993.0,70812.0,163971,121716,282475,184536,37441,163199,213489,1.0,3.0,3.0,3.0,3.0,6.0,6.0,8.0,8.0,8.0,11.0
Francisco Casilla,Javi Lopez,Jordi Amat,Hector Moreno,Didac Vila,Jose Raul Baena,Christian Gomez,Sergio Garcia,Joan Verdu,Philippe Coutinho,Kalu Uche,Francisco Casilla,Javi Lopez,Jordi Amat,Hector Moreno,Didac Vila,Jose Raul Baena,Christian Gomez,Sergio Garcia,Joan Verdu,Philippe Coutinho,Kalu Uche,40672,185123,193223.0,70812.0,163971,186121,282475,38578,37441,184536,43329,1.0,3.0,3.0,3.0,3.0,6.0,6.0,8.0,8.0,8.0,11.0
Francisco Casilla,Javi Lopez,Jordi Amat,Hector Moreno,Didac Vila,Juan Forlin,Christian Gomez,Sergio Garcia,Joan Verdu,Philippe Coutinho,Kalu Uche,Francisco Casilla,Javi Lopez,Jordi Amat,Hector Moreno,Didac Vila,Juan Forlin,Christian Gomez,Sergio Garcia,Joan Verdu,Philippe Coutinho,Kalu Uche,40672,185123,193223.0,70812.0,163971,121716,282475,38578,37441,184536,43329,1.0,3.0,3.0,3.0,3.0,6.0,6.0,8.0,8.0,8.0,11.0
Cristian Alvarez,Javi Lopez,Hector Moreno,Juan Forlin,Didac Vila,Jose Raul Baena,Javi Moreno Marquez,Sergio Garcia,Joan Verdu,Juan Albin,Alvaro Vazquez,Cristian Alvarez,Javi Lopez,Hector Moreno,Juan Forlin,Didac Vila,Jose Raul Baena,Javi Moreno Marquez,Sergio Garcia,Joan Verdu,Juan Albin,Alvaro Vazquez,113695,185123,70812.0,121716.0,163971,186121,80492,38578,37441,37469,213489,1.0,3.0,3.0,3.0,3.0,6.0,6.0,8.0,8.0,8.0,11.0
Francisco Casilla,Javi Lopez,Raul Rodriguez,Juan Forlin,Didac Vila,Jose Raul Baena,Christian Gomez,Vladimir Weiss,Joan Verdu,Philippe Coutinho,Kalu Uche,Francisco Casilla,Javi Lopez,Raul Rodriguez,Juan Forlin,Didac Vila,Jose Raul Baena,Christian Gomez,Vladimir Weiss,Joan Verdu,Philippe Coutinho,Kalu Uche,40672,185123,230993.0,121716.0,163971,186121,282475,163199,37441,184536,43329,1.0,3.0,3.0,3.0,3.0,6.0,6.0,8.0,8.0,8.0,11.0
Francisco Casilla,Victor Sanchez Mata,Raul Rodriguez,Hector Moreno,Didac Vila,Jose Raul Baena,Romaric,Sergio Garcia,Joan Verdu,Philippe Coutinho,Kalu Uche,Francisco Casilla,Victor Sanchez Mata,Raul Rodriguez,Hector Moreno,Didac Vila,Jose Raul Baena,Romaric,Sergio Garcia,Joan Verdu,Philippe Coutinho,Kalu Uche,40672,107930,230993.0,70812.0,163971,186121,31014,38578,37441,184536,43329,1.0,3.0,3.0,3.0,3.0,6.0,6.0,8.0,8.0,8.0,11.0
Cristian Alvarez,Javi Lopez,Raul Rodriguez,Hector Moreno,Didac Vila,Jose Raul Baena,Christian Gomez,Sergio Garcia,Joan Verdu,Vladimir Weiss,Kalu Uche,Cristian Alvarez,Javi Lopez,Raul Rodriguez,Hector Moreno,Didac Vila,Jose Raul Baena,Christian Gomez,Sergio Garcia,Joan Verdu,Vladimir Weiss,Kalu Uche,113695,185123,230993.0,70812.0,163971,186121,282475,38578,37441,163199,43329,1.0,3.0,3.0,3.0,3.0,6.0,6.0,8.0,8.0,8.0,11.0
Cristian Alvarez,Victor Sanchez Mata,Raul Rodriguez,Hector Moreno,Didac Vila,Jose Raul Baena,Christian Gomez,Sergio Garcia,Joan Verdu,Philippe Coutinho,Kalu Uche,Cristian Alvarez,Victor Sanchez Mata,Raul Rodriguez,Hector Moreno,Didac Vila,Jose Raul Baena,Christian Gomez,Sergio Garcia,Joan Verdu,Philippe Coutinho,Kalu Uche,113695,107930,230993.0,70812.0,163971,186121,282475,38578,37441,184536,43329,1.0,3.0,3.0,3.0,3.0,6.0,6.0,8.0,8.0,8.0,11.0
Cristian Alvarez,Javi Lopez,Hector Moreno,Didac Vila,Raul Rodriguez,Victor Sanchez Mata,Juan Forlin,Vladimir Weiss,Joan Verdu,Philippe Coutinho,Alvaro Vazquez,Cristian Alvarez,Javi Lopez,Hector Moreno,Didac Vila,Raul Rodriguez,Victor Sanchez Mata,Juan Forlin,Vladimir Weiss,Joan Verdu,Philippe Coutinho,Alvaro Vazquez,113695,185123,70812.0,163971.0,230993,107930,121716,163199,37441,184536,213489,1.0,3.0,3.0,3.0,3.0,6.0,6.0,8.0,8.0,8.0,11.0
Cristian Alvarez,Ernesto Galan,Jordi Amat,Hector Moreno,Didac Vila,Joan Verdu,Jose Raul Baena,Javi Moreno Marquez,Alvaro Vazquez,Thievy Bifouma,Sergio Garcia,Cristian Alvarez,Ernesto Galan,Jordi Amat,Hector Moreno,Didac Vila,Joan Verdu,Jose Raul Baena,Javi Moreno Marquez,Alvaro Vazquez,Thievy Bifouma,Sergio Garcia,113695,183331,193223.0,70812.0,163971,37441,186121,80492,213489,254702,38578,1.0,3.0,3.0,3.0,3.0,7.0,7.0,7.0,10.0,10.0,10.0
Cristian Alvarez,Javi Lopez,Juan Forlin,Hector Moreno,Didac Vila,Jose Raul Baena,Javi Moreno Marquez,Thievy Bifouma,Joan Verdu,Romaric,Sergio Garcia,Cristian Alvarez,Javi Lopez,Juan Forlin,Hector Moreno,Didac Vila,Jose Raul Baena,Javi Moreno Marquez,Thievy Bifouma,Joan Verdu,Romaric,Sergio Garcia,113695,185123,121716.0,70812.0,163971,186121,80492,254702,37441,31014,38578,1.0,3.0,3.0,3.0,3.0,6.0,6.0,8.0,8.0,8.0,11.0
Cristian Alvarez,Raul Rodriguez,Diego Daniel Colotto,Hector Moreno,Victor Alvarez,Victor Sanchez Mata,Juan Forlin,Sergio Garcia,Joan Verdu,Christian Gomez,Cristian Stuani,Cristian Alvarez,Raul Rodriguez,Diego Daniel Colotto,Hector Moreno,Victor Alvarez,Victor Sanchez Mata,Juan Forlin,Sergio Garcia,Joan Verdu,Christian Gomez,Cristian Stuani,113695,230993,70891.0,70812.0,52004,107930,121716,38578,37441,282475,58294,1.0,3.0,3.0,3.0,3.0,6.0,6.0,8.0,8.0,8.0,11.0
Cristian Alvarez,Victor Sanchez Mata,Raul Rodriguez,Juan Forlin,Victor Alvarez,Jose Raul Baena,Christian Gomez,Christian Alfonso,Joan Verdu,Wakaso Mubarak,Samuele Longo,Cristian Alvarez,Victor Sanchez Mata,Raul Rodriguez,Juan Forlin,Victor Alvarez,Jose Raul Baena,Christian Gomez,Christian Alfonso,Joan Verdu,Wakaso Mubarak,Samuele Longo,113695,107930,230993.0,121716.0,52004,186121,282475,282474,37441,150872,195589,1.0,3.0,3.0,3.0,3.0,6.0,6.0,8.0,8.0,8.0,11.0
Cristian Alvarez,Javi Lopez,Diego Daniel Colotto,Hector Moreno,Victor Alvarez,Victor Sanchez Mata,Juan Forlin,Wakaso Mubarak,Joan Verdu,Rui Fonte,Cristian Stuani,Cristian Alvarez,Javi Lopez,Diego Daniel Colotto,Hector Moreno,Victor Alvarez,Victor Sanchez Mata,Juan Forlin,Wakaso Mubarak,Joan Verdu,Rui Fonte,Cristian Stuani,113695,185123,70891.0,70812.0,52004,107930,121716,150872,37441,159598,58294,1.0,3.0,3.0,3.0,3.0,6.0,6.0,8.0,8.0,8.0,11.0
Francisco Casilla,Javi Lopez,Diego Daniel Colotto,Hector Moreno,Joan Capdevila,Victor Sanchez Mata,Juan Forlin,Wakaso Mubarak,Joan Verdu,Simao,Sergio Garcia,Francisco Casilla,Javi Lopez,Diego Daniel Colotto,Hector Moreno,Joan Capdevila,Victor Sanchez Mata,Juan Forlin,Wakaso Mubarak,Joan Verdu,Simao,Sergio Garcia,40672,185123,70891.0,70812.0,40599,107930,121716,150872,37441,30663,38578,1.0,3.0,3.0,3.0,3.0,6.0,6.0,8.0,8.0,8.0,11.0
Francisco Casilla,Javi Lopez,Juan Forlin,Diego Daniel Colotto,Joan Capdevila,Victor Sanchez Mata,Jose Raul Baena,Cristian Stuani,Joan Verdu,Simao,Sergio Garcia,Francisco Casilla,Javi Lopez,Juan Forlin,Diego Daniel Colotto,Joan Capdevila,Victor Sanchez Mata,Jose Raul Baena,Cristian Stuani,Joan Verdu,Simao,Sergio Garcia,40672,185123,121716.0,70891.0,40599,107930,186121,58294,37441,30663,38578,1.0,3.0,3.0,3.0,3.0,6.0,6.0,8.0,8.0,8.0,11.0
Cristian Alvarez,Javi Lopez,Raul Rodriguez,Hector Moreno,Joan Capdevila,Victor Sanchez Mata,Christian Gomez,Juan Albin,Joan Verdu,Wakaso Mubarak,Alvaro Vazquez,Cristian Alvarez,Javi Lopez,Raul Rodriguez,Hector Moreno,Joan Capdevila,Victor Sanchez Mata,Christian Gomez,Juan Albin,Joan Verdu,Wakaso Mubarak,Alvaro Vazquez,113695,185123,230993.0,70812.0,40599,107930,282475,37469,37441,150872,213489,1.0,3.0,3.0,3.0,3.0,6.0,6.0,8.0,8.0,8.0,11.0
Francisco Casilla,Javi Lopez,Diego Daniel Colotto,Hector Moreno,Joan Capdevila,Juan Forlin,Jose Raul Baena,Rui Fonte,Joan Verdu,Simao,Sergio Garcia,Francisco Casilla,Javi Lopez,Diego Daniel Colotto,Hector Moreno,Joan Capdevila,Juan Forlin,Jose Raul Baena,Rui Fonte,Joan Verdu,Simao,Sergio Garcia,40672,185123,70891.0,70812.0,40599,121716,186121,159598,37441,30663,38578,1.0,3.0,3.0,3.0,3.0,6.0,6.0,8.0,8.0,8.0,11.0
Francisco Casilla,Felipe Mattioni Rohde,Diego Daniel Colotto,Hector Moreno,Joan Capdevila,Juan Forlin,Jose Raul Baena,Samuele Longo,Joan Verdu,Simao,Sergio Garcia,Francisco Casilla,Felipe Mattioni Rohde,Diego Daniel Colotto,Hector Moreno,Joan Capdevila,Juan Forlin,Jose Raul Baena,Samuele Longo,Joan Verdu,Simao,Sergio Garcia,40672,127370,70891.0,70812.0,40599,121716,186121,195589,37441,30663,38578,1.0,3.0,3.0,3.0,3.0,6.0,6.0,8.0,8.0,8.0,11.0
Francisco Casilla,Felipe Mattioni Rohde,Diego Daniel Colotto,Hector Moreno,Joan Capdevila,Victor Sanchez Mata,Raul Rodriguez,Cristian Stuani,Joan Verdu,Simao,Sergio Garcia,Francisco Casilla,Felipe Mattioni Rohde,Diego Daniel Colotto,Hector Moreno,Joan Capdevila,Victor Sanchez Mata,Raul Rodriguez,Cristian Stuani,Joan Verdu,Simao,Sergio Garcia,40672,127370,70891.0,70812.0,40599,107930,230993,58294,37441,30663,38578,1.0,3.0,3.0,3.0,3.0,6.0,6.0,8.0,8.0,8.0,11.0
Francisco Casilla,Javi Lopez,Diego Daniel Colotto,Hector Moreno,Joan Capdevila,Raul Rodriguez,Victor Sanchez Mata,Samuele Longo,Joan Verdu,Simao,Sergio Garcia,Francisco Casilla,Javi Lopez,Diego Daniel Colotto,Hector Moreno,Joan Capdevila,Raul Rodriguez,Victor Sanchez Mata,Samuele Longo,Joan Verdu,Simao,Sergio Garcia,40672,185123,70891.0,70812.0,40599,230993,107930,195589,37441,30663,38578,1.0,3.0,3.0,3.0,3.0,6.0,6.0,8.0,8.0,8.0,11.0
Francisco Casilla,Javi Lopez,Diego Daniel Colotto,Hector Moreno,Victor Alvarez,Victor Sanchez Mata,Juan Forlin,Cristian Stuani,Joan Verdu,Simao,Sergio Garcia,Francisco Casilla,Javi Lopez,Diego Daniel Colotto,Hector Moreno,Victor Alvarez,Victor Sanchez Mata,Juan Forlin,Cristian Stuani,Joan Verdu,Simao,Sergio Garcia,40672,185123,70891.0,70812.0,52004,107930,121716,58294,37441,30663,38578,1.0,3.0,3.0,3.0,3.0,6.0,6.0,8.0,8.0,8.0,11.0
Francisco Casilla,Felipe Mattioni Rohde,Diego Daniel Colotto,Hector Moreno,Joan Capdevila,Victor Sanchez Mata,Juan Forlin,Cristian Stuani,Joan Verdu,Wakaso Mubarak,Sergio Garcia,Francisco Casilla,Felipe Mattioni Rohde,Diego Daniel Colotto,Hector Moreno,Joan Capdevila,Victor Sanchez Mata,Juan Forlin,Cristian Stuani,Joan Verdu,Wakaso Mubarak,Sergio Garcia,40672,127370,70891.0,70812.0,40599,107930,121716,58294,37441,150872,38578,1.0,3.0,3.0,3.0,3.0,6.0,6.0,8.0,8.0,8.0,11.0
Francisco Casilla,Javi Lopez,Juan Forlin,Hector Moreno,Joan Capdevila,Victor Sanchez Mata,Jose Raul Baena,Cristian Stuani,Joan Verdu,Wakaso Mubarak,Sergio Garcia,Francisco Casilla,Javi Lopez,Juan Forlin,Hector Moreno,Joan Capdevila,Victor Sanchez Mata,Jose Raul Baena,Cristian Stuani,Joan Verdu,Wakaso Mubarak,Sergio Garcia,40672,185123,121716.0,70812.0,40599,107930,186121,58294,37441,150872,38578,1.0,3.0,3.0,3.0,3.0,6.0,6.0,8.0,8.0,8.0,11.0
Francisco Casilla,Javi Lopez,Diego Daniel Colotto,Hector Moreno,Joan Capdevila,Victor Sanchez Mata,Juan Forlin,Cristian Stuani,Joan Verdu,Wakaso Mubarak,Sergio Garcia,Francisco Casilla,Javi Lopez,Diego Daniel Colotto,Hector Moreno,Joan Capdevila,Victor Sanchez Mata,Juan Forlin,Cristian Stuani,Joan Verdu,Wakaso Mubarak,Sergio Garcia,40672,185123,70891.0,70812.0,40599,107930,121716,58294,37441,150872,38578,1.0,3.0,3.0,3.0,3.0,6.0,6.0,8.0,8.0,8.0,11.0
Cristian Alvarez,Javi Lopez,Raul Rodriguez,Diego Daniel Colotto,Joan Capdevila,Victor Sanchez Mata,Juan Forlin,Cristian Stuani,Joan Verdu,Wakaso Mubarak,Sergio Garcia,Cristian Alvarez,Javi Lopez,Raul Rodriguez,Diego Daniel Colotto,Joan Capdevila,Victor Sanchez Mata,Juan Forlin,Cristian Stuani,Joan Verdu,Wakaso Mubarak,Sergio Garcia,113695,185123,230993.0,70891.0,40599,107930,121716,58294,37441,150872,38578,1.0,3.0,3.0,3.0,3.0,6.0,6.0,8.0,8.0,8.0,11.0
Cristian Alvarez,Javi Lopez,Raul Rodriguez,Hector Moreno,Joan Capdevila,Juan Forlin,Victor Sanchez Mata,Rui Fonte,Joan Verdu,Wakaso Mubarak,Samuele Longo,Cristian Alvarez,Javi Lopez,Raul Rodriguez,Hector Moreno,Joan Capdevila,Juan Forlin,Victor Sanchez Mata,Rui Fonte,Joan Verdu,Wakaso Mubarak,Samuele Longo,113695,185123,230993.0,70812.0,40599,121716,107930,159598,37441,150872,195589,1.0,3.0,3.0,3.0,3.0,6.0,6.0,8.0,8.0,8.0,11.0
Cristian Alvarez,Javi Lopez,Raul Rodriguez,Hector Moreno,Victor Alvarez,Juan Forlin,Victor Sanchez Mata,Christian Gomez,Joan Verdu,Simao,Samuele Longo,Cristian Alvarez,Javi Lopez,Raul Rodriguez,Hector Moreno,Victor Alvarez,Juan Forlin,Victor Sanchez Mata,Christian Gomez,Joan Verdu,Simao,Samuele Longo,113695,185123,230993.0,70812.0,52004,121716,107930,282475,37441,30663,195589,1.0,3.0,3.0,3.0,3.0,5.0,7.0,7.0,9.0,11.0,11.0
Cristian Alvarez,Raul Rodriguez,Diego Daniel Colotto,Hector Moreno,Joan Capdevila,Victor Sanchez Mata,Juan Forlin,Javi Lopez,Joan Verdu,Wakaso Mubarak,Samuele Longo,Cristian Alvarez,Raul Rodriguez,Diego Daniel Colotto,Hector Moreno,Joan Capdevila,Victor Sanchez Mata,Juan Forlin,Javi Lopez,Joan Verdu,Wakaso Mubarak,Samuele Longo,113695,230993,70891.0,70812.0,40599,107930,121716,185123,37441,150872,195589,1.0,3.0,3.0,3.0,3.0,6.0,6.0,8.0,8.0,8.0,11.0
Cristian Alvarez,Victor Sanchez Mata,Raul Rodriguez,Hector Moreno,Victor Alvarez,Juan Forlin,Christian Gomez,Wakaso Mubarak,Joan Verdu,Sergio Garcia,Samuele Longo,Cristian Alvarez,Victor Sanchez Mata,Raul Rodriguez,Hector Moreno,Victor Alvarez,Juan Forlin,Christian Gomez,Wakaso Mubarak,Joan Verdu,Sergio Garcia,Samuele Longo,113695,107930,230993.0,70812.0,52004,121716,282475,150872,37441,38578,195589,1.0,3.0,3.0,3.0,3.0,6.0,6.0,8.0,8.0,8.0,11.0
Francisco Casilla,Felipe Mattioni Rohde,Sidnei,Hector Moreno,Juan Rafael Fuentes,Victor Sanchez Mata,David Lopez,Sergio Garcia,Pizzi,Simao,Jhon Cordoba,Francisco Casilla,Felipe Mattioni Rohde,Sidnei,Hector Moreno,Juan Rafael Fuentes,Victor Sanchez Mata,David Lopez,Sergio Garcia,Pizzi,Simao,Jhon Cordoba,40672,127370,121872.0,70812.0,190452,107930,215584,38578,186748,30663,291425,1.0,3.0,3.0,3.0,3.0,6.0,6.0,8.0,8.0,8.0,11.0
Francisco Casilla,Javi Lopez,Sidnei,Hector Moreno,Juan Rafael Fuentes,Victor Sanchez Mata,Raul Rodriguez,Abraham Gonzalez,Manu Lanzarote,Sergio Garcia,Simao,Francisco Casilla,Javi Lopez,Sidnei,Hector Moreno,Juan Rafael Fuentes,Victor Sanchez Mata,Raul Rodriguez,Abraham Gonzalez,Manu Lanzarote,Sergio Garcia,Simao,40672,185123,121872.0,70812.0,190452,107930,230993,165706,280920,38578,30663,1.0,3.0,3.0,3.0,3.0,7.0,7.0,7.0,10.0,10.0,10.0
Francisco Casilla,Javi Lopez,Diego Daniel Colotto,Hector Moreno,Juan Rafael Fuentes,Cristian Stuani,Raul Rodriguez,David Lopez,Victor Alvarez,Jhon Cordoba,Sergio Garcia,Francisco Casilla,Javi Lopez,Diego Daniel Colotto,Hector Moreno,Juan Rafael Fuentes,Cristian Stuani,Raul Rodriguez,David Lopez,Victor Alvarez,Jhon Cordoba,Sergio Garcia,40672,185123,70891.0,70812.0,190452,58294,230993,215584,52004,291425,38578,1.0,3.0,3.0,3.0,3.0,7.0,7.0,7.0,7.0,10.0,10.0
Francisco Casilla,Javi Lopez,Diego Daniel Colotto,Hector Moreno,Juan Rafael Fuentes,David Lopez,Victor Sanchez Mata,Cristian Stuani,Sergio Garcia,Simao,Jhon Cordoba,Francisco Casilla,Javi Lopez,Diego Daniel Colotto,Hector Moreno,Juan Rafael Fuentes,David Lopez,Victor Sanchez Mata,Cristian Stuani,Sergio Garcia,Simao,Jhon Cordoba,40672,185123,70891.0,70812.0,190452,215584,107930,58294,38578,30663,291425,1.0,3.0,3.0,3.0,3.0,6.0,6.0,8.0,8.0,8.0,11.0
Francisco Casilla,Javi Lopez,Diego Daniel Colotto,Hector Moreno,Juan Rafael Fuentes,Raul Rodriguez,Cristian Stuani,Victor Sanchez Mata,Alex Fernandez,Gabriel Torje,Jhon Cordoba,Francisco Casilla,Javi Lopez,Diego Daniel Colotto,Hector Moreno,Juan Rafael Fuentes,Raul Rodriguez,Cristian Stuani,Victor Sanchez Mata,Alex Fernandez,Gabriel Torje,Jhon Cordoba,40672,185123,70891.0,70812.0,190452,230993,58294,107930,213500,103424,291425,1.0,3.0,3.0,3.0,3.0,6.0,8.0,8.0,8.0,8.0,11.0
Francisco Casilla,Javi Lopez,Diego Daniel Colotto,Hector Moreno,Juan Rafael Fuentes,David Lopez,Victor Sanchez Mata,Cristian Stuani,Pizzi,Simao,Sergio Garcia,Francisco Casilla,Javi Lopez,Diego Daniel Colotto,Hector Moreno,Juan Rafael Fuentes,David Lopez,Victor Sanchez Mata,Cristian Stuani,Pizzi,Simao,Sergio Garcia,40672,185123,70891.0,70812.0,190452,215584,107930,58294,186748,30663,38578,1.0,3.0,3.0,3.0,3.0,6.0,6.0,8.0,8.0,8.0,11.0
Francisco Casilla,Javi Lopez,Diego Daniel Colotto,Hector Moreno,Juan Rafael Fuentes,Cristian Stuani,Victor Sanchez Mata,Abraham Gonzalez,Simao,Jhon Cordoba,Sergio Garcia,Francisco Casilla,Javi Lopez,Diego Daniel Colotto,Hector Moreno,Juan Rafael Fuentes,Cristian Stuani,Victor Sanchez Mata,Abraham Gonzalez,Simao,Jhon Cordoba,Sergio Garcia,40672,185123,70891.0,70812.0,190452,58294,107930,165706,30663,291425,38578,1.0,3.0,3.0,3.0,3.0,7.0,7.0,7.0,7.0,10.0,10.0
Francisco Casilla,Javi Lopez,Diego Daniel Colotto,Hector Moreno,Victor Alvarez,David Lopez,Victor Sanchez Mata,Cristian Stuani,Sergio Garcia,Simao,Jhon Cordoba,Francisco Casilla,Javi Lopez,Diego Daniel Colotto,Hector Moreno,Victor Alvarez,David Lopez,Victor Sanchez Mata,Cristian Stuani,Sergio Garcia,Simao,Jhon Cordoba,40672,185123,70891.0,70812.0,52004,215584,107930,58294,38578,30663,291425,1.0,3.0,3.0,3.0,3.0,6.0,6.0,8.0,8.0,8.0,11.0
Francisco Casilla,Javi Lopez,Diego Daniel Colotto,Hector Moreno,Juan Rafael Fuentes,Victor Sanchez Mata,David Lopez,Cristian Stuani,Abraham Gonzalez,Simao,Sergio Garcia,Francisco Casilla,Javi Lopez,Diego Daniel Colotto,Hector Moreno,Juan Rafael Fuentes,Victor Sanchez Mata,David Lopez,Cristian Stuani,Abraham Gonzalez,Simao,Sergio Garcia,40672,185123,70891.0,70812.0,190452,107930,215584,58294,165706,30663,38578,1.0,3.0,3.0,3.0,3.0,6.0,6.0,8.0,8.0,8.0,11.0
Francisco Casilla,Javi Lopez,Diego Daniel Colotto,Hector Moreno,Juan Rafael Fuentes,Victor Sanchez Mata,David Lopez,Cristian Stuani,Pizzi,Simao,Sergio Garcia,Francisco Casilla,Javi Lopez,Diego Daniel Colotto,Hector Moreno,Juan Rafael Fuentes,Victor Sanchez Mata,David Lopez,Cristian Stuani,Pizzi,Simao,Sergio Garcia,40672,185123,70891.0,70812.0,190452,107930,215584,58294,186748,30663,38578,1.0,3.0,3.0,3.0,3.0,6.0,6.0,8.0,8.0,8.0,11.0
Francisco Casilla,Javi Lopez,Diego Daniel Colotto,Hector Moreno,Juan Rafael Fuentes,Victor Sanchez Mata,David Lopez,Cristian Stuani,Pizzi,Simao,Sergio Garcia,Francisco Casilla,Javi Lopez,Diego Daniel Colotto,Hector Moreno,Juan Rafael Fuentes,Victor Sanchez Mata,David Lopez,Cristian Stuani,Pizzi,Simao,Sergio Garcia,40672,185123,70891.0,70812.0,190452,107930,215584,58294,186748,30663,38578,1.0,3.0,3.0,3.0,3.0,6.0,6.0,8.0,8.0,8.0,11.0
Francisco Casilla,Javi Lopez,Diego Daniel Colotto,Hector Moreno,Juan Rafael Fuentes,David Lopez,Victor Sanchez Mata,Pizzi,Cristian Stuani,Simao,Sergio Garcia,Francisco Casilla,Javi Lopez,Diego Daniel Colotto,Hector Moreno,Juan Rafael Fuentes,David Lopez,Victor Sanchez Mata,Pizzi,Cristian Stuani,Simao,Sergio Garcia,40672,185123,70891.0,70812.0,190452,215584,107930,186748,58294,30663,38578,1.0,3.0,3.0,3.0,3.0,7.0,7.0,7.0,7.0,10.0,10.0
Francisco Casilla,Javi Lopez,Hector Moreno,Diego Daniel Colotto,Juan Rafael Fuentes,David Lopez,Victor Sanchez Mata,Pizzi,Simao,Sergio Garcia,Cristian Stuani,Francisco Casilla,Javi Lopez,Hector Moreno,Diego Daniel Colotto,Juan Rafael Fuentes,David Lopez,Victor Sanchez Mata,Pizzi,Simao,Sergio Garcia,Cristian Stuani,40672,185123,70812.0,70891.0,190452,215584,107930,186748,30663,38578,58294,1.0,3.0,3.0,3.0,3.0,7.0,7.0,7.0,10.0,10.0,10.0
Francisco Casilla,Javi Lopez,Sidnei,Diego Daniel Colotto,Juan Rafael Fuentes,Victor Sanchez Mata,David Lopez,Cristian Stuani,Pizzi,Simao,Sergio Garcia,Francisco Casilla,Javi Lopez,Sidnei,Diego Daniel Colotto,Juan Rafael Fuentes,Victor Sanchez Mata,David Lopez,Cristian Stuani,Pizzi,Simao,Sergio Garcia,40672,185123,121872.0,70891.0,190452,107930,215584,58294,186748,30663,38578,1.0,3.0,3.0,3.0,3.0,6.0,6.0,8.0,8.0,8.0,11.0
Francisco Casilla,Javi Lopez,Diego Daniel Colotto,Hector Moreno,Victor Alvarez,Victor Sanchez Mata,David Lopez,Cristian Stuani,Sergio Garcia,Simao,Jhon Cordoba,Francisco Casilla,Javi Lopez,Diego Daniel Colotto,Hector Moreno,Victor Alvarez,Victor Sanchez Mata,David Lopez,Cristian Stuani,Sergio Garcia,Simao,Jhon Cordoba,40672,185123,70891.0,70812.0,52004,107930,215584,58294,38578,30663,291425,1.0,3.0,3.0,3.0,3.0,6.0,6.0,8.0,8.0,8.0,11.0
Francisco Casilla,Javi Lopez,Diego Daniel Colotto,Hector Moreno,Juan Rafael Fuentes,Cristian Stuani,David Lopez,Victor Sanchez Mata,Simao,Gabriel Torje,Sergio Garcia,Francisco Casilla,Javi Lopez,Diego Daniel Colotto,Hector Moreno,Juan Rafael Fuentes,Cristian Stuani,David Lopez,Victor Sanchez Mata,Simao,Gabriel Torje,Sergio Garcia,40672,185123,70891.0,70812.0,190452,58294,215584,107930,30663,103424,38578,1.0,3.0,3.0,3.0,3.0,7.0,7.0,7.0,7.0,10.0,10.0
Francisco Casilla,Javi Lopez,Diego Daniel Colotto,Hector Moreno,Juan Rafael Fuentes,Victor Sanchez Mata,David Lopez,Cristian Stuani,Pizzi,Simao,Sergio Garcia,Francisco Casilla,Javi Lopez,Diego Daniel Colotto,Hector Moreno,Juan Rafael Fuentes,Victor Sanchez Mata,David Lopez,Cristian Stuani,Pizzi,Simao,Sergio Garcia,40672,185123,70891.0,70812.0,190452,107930,215584,58294,186748,30663,38578,1.0,3.0,3.0,3.0,3.0,6.0,6.0,8.0,8.0,8.0,11.0
Francisco Casilla,Javi Lopez,Diego Daniel Colotto,Hector Moreno,Joan Capdevila,Victor Sanchez Mata,David Lopez,Cristian Stuani,Pizzi,Simao,Sergio Garcia,Francisco Casilla,Javi Lopez,Diego Daniel Colotto,Hector Moreno,Joan Capdevila,Victor Sanchez Mata,David Lopez,Cristian Stuani,Pizzi,Simao,Sergio Garcia,40672,185123,70891.0,70812.0,40599,107930,215584,58294,186748,30663,38578,1.0,3.0,3.0,3.0,3.0,6.0,6.0,8.0,8.0,8.0,11.0
Francisco Casilla,Javi Lopez,Sidnei,Hector Moreno,Juan Rafael Fuentes,David Lopez,Abraham Gonzalez,Manu Lanzarote,Pizzi,Simao,Sergio Garcia,Francisco Casilla,Javi Lopez,Sidnei,Hector Moreno,Juan Rafael Fuentes,David Lopez,Abraham Gonzalez,Manu Lanzarote,Pizzi,Simao,Sergio Garcia,40672,185123,121872.0,70812.0,190452,215584,165706,280920,186748,30663,38578,1.0,3.0,3.0,3.0,3.0,6.0,6.0,8.0,8.0,8.0,11.0
Francisco Casilla,Javi Lopez,Diego Daniel Colotto,Eric Bertrand Bailly,Juan Rafael Fuentes,Lucas Vazquez,Victor Sanchez Mata,Jose Canas,Victor Alvarez,Sergio Garcia,Felipe Caicedo,Francisco Casilla,Javi Lopez,Diego Daniel Colotto,Eric Bertrand Bailly,Juan Rafael Fuentes,Lucas Vazquez,Victor Sanchez Mata,Jose Canas,Victor Alvarez,Sergio Garcia,Felipe Caicedo,40672,185123,70891.0,574200.0,190452,359193,107930,161651,52004,38578,41622,1.0,3.0,3.0,3.0,3.0,7.0,7.0,7.0,7.0,10.0,10.0
Francisco Casilla,Anaitz Arbilla,Diego Daniel Colotto,Eric Bertrand Bailly,Juan Rafael Fuentes,Lucas Vazquez,Victor Sanchez Mata,Jose Canas,Salva Sevilla,Sergio Garcia,Felipe Caicedo,Francisco Casilla,Anaitz Arbilla,Diego Daniel Colotto,Eric Bertrand Bailly,Juan Rafael Fuentes,Lucas Vazquez,Victor Sanchez Mata,Jose Canas,Salva Sevilla,Sergio Garcia,Felipe Caicedo,40672,213814,70891.0,574200.0,190452,359193,107930,161651,102879,38578,41622,1.0,3.0,3.0,3.0,3.0,7.0,7.0,7.0,7.0,10.0,10.0
Francisco Casilla,Anaitz Arbilla,Diego Daniel Colotto,Alvaro Gonzalez Soberon,Juan Rafael Fuentes,Victor Sanchez Mata,Jose Canas,Lucas Vazquez,Sergio Garcia,Salva Sevilla,Felipe Caicedo,Francisco Casilla,Anaitz Arbilla,Diego Daniel Colotto,Alvaro Gonzalez Soberon,Juan Rafael Fuentes,Victor Sanchez Mata,Jose Canas,Lucas Vazquez,Sergio Garcia,Salva Sevilla,Felipe Caicedo,40672,213814,70891.0,257855.0,190452,107930,161651,359193,38578,102879,41622,1.0,3.0,3.0,3.0,3.0,6.0,6.0,8.0,8.0,8.0,11.0
Francisco Casilla,Javi Lopez,Diego Daniel Colotto,Alvaro Gonzalez Soberon,Juan Rafael Fuentes,Anaitz Arbilla,Jose Canas,Victor Sanchez Mata,Paco Montanes,Sergio Garcia,Felipe Caicedo,Francisco Casilla,Javi Lopez,Diego Daniel Colotto,Alvaro Gonzalez Soberon,Juan Rafael Fuentes,Anaitz Arbilla,Jose Canas,Victor Sanchez Mata,Paco Montanes,Sergio Garcia,Felipe Caicedo,40672,185123,70891.0,257855.0,190452,213814,161651,107930,37654,38578,41622,1.0,3.0,3.0,3.0,3.0,6.0,6.0,8.0,8.0,8.0,11.0
Francisco Casilla,Anaitz Arbilla,Alvaro Gonzalez Soberon,Hector Moreno,Juan Rafael Fuentes,Lucas Vazquez,Jose Canas,Abraham Gonzalez,Salva Sevilla,Cristian Stuani,Sergio Garcia,Francisco Casilla,Anaitz Arbilla,Alvaro Gonzalez Soberon,Hector Moreno,Juan Rafael Fuentes,Lucas Vazquez,Jose Canas,Abraham Gonzalez,Salva Sevilla,Cristian Stuani,Sergio Garcia,40672,213814,257855.0,70812.0,190452,359193,161651,165706,102879,58294,38578,1.0,3.0,3.0,3.0,3.0,7.0,7.0,7.0,7.0,10.0,10.0
Francisco Casilla,Javi Lopez,Diego Daniel Colotto,Alvaro Gonzalez Soberon,Victor Alvarez,Victor Sanchez Mata,Abraham Gonzalez,Paco Montanes,Sergio Garcia,Salva Sevilla,Cristian Stuani,Francisco Casilla,Javi Lopez,Diego Daniel Colotto,Alvaro Gonzalez Soberon,Victor Alvarez,Victor Sanchez Mata,Abraham Gonzalez,Paco Montanes,Sergio Garcia,Salva Sevilla,Cristian Stuani,40672,185123,70891.0,257855.0,52004,107930,165706,37654,38578,102879,58294,1.0,3.0,3.0,3.0,3.0,6.0,6.0,8.0,8.0,8.0,11.0
Francisco Casilla,Javi Lopez,Alvaro Gonzalez Soberon,Hector Moreno,Juan Rafael Fuentes,Lucas Vazquez,Abraham Gonzalez,Jose Canas,Salva Sevilla,Sergio Garcia,Cristian Stuani,Francisco Casilla,Javi Lopez,Alvaro Gonzalez Soberon,Hector Moreno,Juan Rafael Fuentes,Lucas Vazquez,Abraham Gonzalez,Jose Canas,Salva Sevilla,Sergio Garcia,Cristian Stuani,40672,185123,257855.0,70812.0,190452,359193,165706,161651,102879,38578,58294,1.0,3.0,3.0,3.0,3.0,7.0,7.0,7.0,7.0,10.0,10.0
Pau Sabata,Anaitz Arbilla,Hector Moreno,Alvaro Gonzalez Soberon,Ruben Duarte,Jose Canas,Victor Sanchez Mata,Lucas Vazquez,Sergio Garcia,Victor Alvarez,Felipe Caicedo,Pau Sabata,Anaitz Arbilla,Hector Moreno,Alvaro Gonzalez Soberon,Ruben Duarte,Jose Canas,Victor Sanchez Mata,Lucas Vazquez,Sergio Garcia,Victor Alvarez,Felipe Caicedo,532942,213814,70812.0,257855.0,358138,161651,107930,359193,38578,52004,41622,1.0,3.0,3.0,3.0,3.0,6.0,6.0,8.0,8.0,8.0,11.0
Francisco Casilla,Anaitz Arbilla,Alvaro Gonzalez Soberon,Hector Moreno,Juan Rafael Fuentes,Jose Canas,Abraham Gonzalez,Lucas Vazquez,Sergio Garcia,Salva Sevilla,Felipe Caicedo,Francisco Casilla,Anaitz Arbilla,Alvaro Gonzalez Soberon,Hector Moreno,Juan Rafael Fuentes,Jose Canas,Abraham Gonzalez,Lucas Vazquez,Sergio Garcia,Salva Sevilla,Felipe Caicedo,40672,213814,257855.0,70812.0,190452,161651,165706,359193,38578,102879,41622,1.0,3.0,3.0,3.0,3.0,6.0,6.0,8.0,8.0,8.0,11.0
Francisco Casilla,Anaitz Arbilla,Alvaro Gonzalez Soberon,Hector Moreno,Ruben Duarte,Javi Lopez,Victor Sanchez Mata,Lucas Vazquez,Abraham Gonzalez,Felipe Caicedo,Sergio Garcia,Francisco Casilla,Anaitz Arbilla,Alvaro Gonzalez Soberon,Hector Moreno,Ruben Duarte,Javi Lopez,Victor Sanchez Mata,Lucas Vazquez,Abraham Gonzalez,Felipe Caicedo,Sergio Garcia,40672,213814,257855.0,70812.0,358138,185123,107930,359193,165706,41622,38578,1.0,3.0,3.0,3.0,3.0,7.0,7.0,7.0,7.0,10.0,10.0
Francisco Casilla,Anaitz Arbilla,Diego Daniel Colotto,Hector Moreno,Juan Rafael Fuentes,Salva Sevilla,Abraham Gonzalez,Javi Lopez,Lucas Vazquez,Cristian Stuani,Sergio Garcia,Francisco Casilla,Anaitz Arbilla,Diego Daniel Colotto,Hector Moreno,Juan Rafael Fuentes,Salva Sevilla,Abraham Gonzalez,Javi Lopez,Lucas Vazquez,Cristian Stuani,Sergio Garcia,40672,213814,70891.0,70812.0,190452,102879,165706,185123,359193,58294,38578,1.0,3.0,3.0,3.0,3.0,7.0,7.0,7.0,7.0,10.0,10.0
Francisco Casilla,Anaitz Arbilla,Alvaro Gonzalez Soberon,Hector Moreno,Ruben Duarte,Lucas Vazquez,Abraham Gonzalez,Jose Canas,Victor Alvarez,Sergio Garcia,Cristian Stuani,Francisco Casilla,Anaitz Arbilla,Alvaro Gonzalez Soberon,Hector Moreno,Ruben Duarte,Lucas Vazquez,Abraham Gonzalez,Jose Canas,Victor Alvarez,Sergio Garcia,Cristian Stuani,40672,213814,257855.0,70812.0,358138,359193,165706,161651,52004,38578,58294,1.0,3.0,3.0,3.0,3.0,7.0,7.0,7.0,7.0,10.0,10.0
Francisco Casilla,Anaitz Arbilla,Alvaro Gonzalez Soberon,Hector Moreno,Ruben Duarte,Lucas Vazquez,Abraham Gonzalez,Jose Canas,Victor Alvarez,Sergio Garcia,Felipe Caicedo,Francisco Casilla,Anaitz Arbilla,Alvaro Gonzalez Soberon,Hector Moreno,Ruben Duarte,Lucas Vazquez,Abraham Gonzalez,Jose Canas,Victor Alvarez,Sergio Garcia,Felipe Caicedo,40672,213814,257855.0,70812.0,358138,359193,165706,161651,52004,38578,41622,1.0,3.0,3.0,3.0,3.0,7.0,7.0,7.0,7.0,10.0,10.0
Francisco Casilla,Anaitz Arbilla,Alvaro Gonzalez Soberon,Hector Moreno,Ruben Duarte,Jose Canas,Lucas Vazquez,Victor Sanchez Mata,Paco Montanes,Felipe Caicedo,Sergio Garcia,Francisco Casilla,Anaitz Arbilla,Alvaro Gonzalez Soberon,Hector Moreno,Ruben Duarte,Jose Canas,Lucas Vazquez,Victor Sanchez Mata,Paco Montanes,Felipe Caicedo,Sergio Garcia,40672,213814,257855.0,70812.0,358138,161651,359193,107930,37654,41622,38578,1.0,3.0,3.0,3.0,3.0,7.0,7.0,7.0,7.0,10.0,10.0
Francisco Casilla,Anaitz Arbilla,Alvaro Gonzalez Soberon,Diego Daniel Colotto,Hector Moreno,Javi Lopez,Victor Sanchez Mata,Abraham Gonzalez,Victor Alvarez,Sergio Garcia,Felipe Caicedo,Francisco Casilla,Anaitz Arbilla,Alvaro Gonzalez Soberon,Diego Daniel Colotto,Hector Moreno,Javi Lopez,Victor Sanchez Mata,Abraham Gonzalez,Victor Alvarez,Sergio Garcia,Felipe Caicedo,40672,213814,257855.0,70891.0,70812,185123,107930,165706,52004,38578,41622,1.0,3.0,3.0,3.0,3.0,3.0,7.0,7.0,7.0,10.0,10.0
Francisco Casilla,Javi Lopez,Diego Daniel Colotto,Alvaro Gonzalez Soberon,Victor Alvarez,Victor Sanchez Mata,Jose Canas,Lucas Vazquez,Sergio Garcia,Paco Montanes,Felipe Caicedo,Francisco Casilla,Javi Lopez,Diego Daniel Colotto,Alvaro Gonzalez Soberon,Victor Alvarez,Victor Sanchez Mata,Jose Canas,Lucas Vazquez,Sergio Garcia,Paco Montanes,Felipe Caicedo,40672,185123,70891.0,257855.0,52004,107930,161651,359193,38578,37654,41622,1.0,3.0,3.0,3.0,3.0,6.0,6.0,8.0,8.0,8.0,11.0
Francisco Casilla,Javi Lopez,Diego Daniel Colotto,Alvaro Gonzalez Soberon,Victor Alvarez,Victor Sanchez Mata,Jose Canas,Lucas Vazquez,Sergio Garcia,Salva Sevilla,Felipe Caicedo,Francisco Casilla,Javi Lopez,Diego Daniel Colotto,Alvaro Gonzalez Soberon,Victor Alvarez,Victor Sanchez Mata,Jose Canas,Lucas Vazquez,Sergio Garcia,Salva Sevilla,Felipe Caicedo,40672,185123,70891.0,257855.0,52004,107930,161651,359193,38578,102879,41622,1.0,3.0,3.0,3.0,3.0,6.0,6.0,8.0,8.0,8.0,11.0
Francisco Casilla,Javi Lopez,Diego Daniel Colotto,Alvaro Gonzalez Soberon,Juan Rafael Fuentes,Lucas Vazquez,Victor Sanchez Mata,Jose Canas,Victor Alvarez,Felipe Caicedo,Sergio Garcia,Francisco Casilla,Javi Lopez,Diego Daniel Colotto,Alvaro Gonzalez Soberon,Juan Rafael Fuentes,Lucas Vazquez,Victor Sanchez Mata,Jose Canas,Victor Alvarez,Felipe Caicedo,Sergio Garcia,40672,185123,70891.0,257855.0,190452,359193,107930,161651,52004,41622,38578,1.0,3.0,3.0,3.0,3.0,7.0,7.0,7.0,7.0,10.0,10.0
Francisco Casilla,Javi Lopez,Diego Daniel Colotto,Alvaro Gonzalez Soberon,Juan Rafael Fuentes,Victor Sanchez Mata,Jose Canas,Lucas Vazquez,Alex Fernandez,Paco Montanes,Cristian Stuani,Francisco Casilla,Javi Lopez,Diego Daniel Colotto,Alvaro Gonzalez Soberon,Juan Rafael Fuentes,Victor Sanchez Mata,Jose Canas,Lucas Vazquez,Alex Fernandez,Paco Montanes,Cristian Stuani,40672,185123,70891.0,257855.0,190452,107930,161651,359193,213500,37654,58294,1.0,3.0,3.0,3.0,3.0,6.0,6.0,8.0,8.0,8.0,11.0
Pau Sabata,Anaitz Arbilla,Alvaro Gonzalez Soberon,,Ruben Duarte,Javi Lopez,Victor Sanchez Mata,Paco Montanes,Salva Sevilla,Victor Alvarez,Felipe Caicedo,Pau Sabata,Anaitz Arbilla,Alvaro Gonzalez Soberon,,Ruben Duarte,Javi Lopez,Victor Sanchez Mata,Paco Montanes,Salva Sevilla,Victor Alvarez,Felipe Caicedo,532942,213814,257855.0,,358138,185123,107930,37654,102879,52004,41622,1.0,3.0,3.0,3.0,3.0,6.0,6.0,8.0,8.0,8.0,11.0
Pau Sabata,Alvaro Gonzalez Soberon,Enzo Roco,Roberto Correa,Ruben Duarte,Pape Kouli Diop,Jose Canas,Hernan Perez,Marco Asensio,Victor Alvarez,Felipe Caicedo,Pau Sabata,Alvaro Gonzalez Soberon,Enzo Roco,Roberto Correa,Ruben Duarte,Pape Kouli Diop,Jose Canas,Hernan Perez,Marco Asensio,Victor Alvarez,Felipe Caicedo,532942,257855,193930.0,314947.0,358138,46836,161651,88986,498033,52004,41622,1.0,3.0,3.0,3.0,3.0,6.0,6.0,8.0,8.0,8.0,11.0
Pau Sabata,Javi Lopez,Enzo Roco,Alvaro Gonzalez Soberon,Juan Rafael Fuentes,Victor Sanchez Mata,Pape Kouli Diop,Hernan Perez,Marco Asensio,Victor Alvarez,Felipe Caicedo,Pau Sabata,Javi Lopez,Enzo Roco,Alvaro Gonzalez Soberon,Juan Rafael Fuentes,Victor Sanchez Mata,Pape Kouli Diop,Hernan Perez,Marco Asensio,Victor Alvarez,Felipe Caicedo,532942,185123,193930.0,257855.0,190452,107930,46836,88986,498033,52004,41622,1.0,3.0,3.0,3.0,3.0,6.0,6.0,8.0,8.0,8.0,11.0
Pau Sabata,Javi Lopez,Alvaro Gonzalez Soberon,Enzo Roco,Juan Rafael Fuentes,Pape Kouli Diop,Victor Sanchez Mata,Hernan Perez,Marco Asensio,Victor Alvarez,Felipe Caicedo,Pau Sabata,Javi Lopez,Alvaro Gonzalez Soberon,Enzo Roco,Juan Rafael Fuentes,Pape Kouli Diop,Victor Sanchez Mata,Hernan Perez,Marco Asensio,Victor Alvarez,Felipe Caicedo,532942,185123,257855.0,193930.0,190452,46836,107930,88986,498033,52004,41622,1.0,3.0,3.0,3.0,3.0,6.0,6.0,8.0,8.0,8.0,11.0
Pau Sabata,Javi Lopez,Alvaro Gonzalez Soberon,Enzo Roco,Ruben Duarte,Victor Sanchez Mata,Pape Kouli Diop,Hernan Perez,Marco Asensio,Gerard Moreno,Felipe Caicedo,Pau Sabata,Javi Lopez,Alvaro Gonzalez Soberon,Enzo Roco,Ruben Duarte,Victor Sanchez Mata,Pape Kouli Diop,Hernan Perez,Marco Asensio,Gerard Moreno,Felipe Caicedo,532942,185123,257855.0,193930.0,358138,107930,46836,88986,498033,246438,41622,1.0,3.0,3.0,3.0,3.0,6.0,6.0,8.0,8.0,8.0,11.0
Pau Sabata,Javi Lopez,Alvaro Gonzalez Soberon,Enzo Roco,Victor Alvarez,Joan Jordan,Pape Kouli Diop,Hernan Perez,Marco Asensio,Burgui,Felipe Caicedo,Pau Sabata,Javi Lopez,Alvaro Gonzalez Soberon,Enzo Roco,Victor Alvarez,Joan Jordan,Pape Kouli Diop,Hernan Perez,Marco Asensio,Burgui,Felipe Caicedo,532942,185123,257855.0,193930.0,52004,574662,46836,88986,498033,452243,41622,1.0,3.0,3.0,3.0,3.0,6.0,6.0,8.0,8.0,8.0,11.0
Pau Sabata,Javi Lopez,Alvaro Gonzalez Soberon,Enzo Roco,Ruben Duarte,Joan Jordan,Pape Kouli Diop,Gerard Moreno,Marco Asensio,Burgui,Felipe Caicedo,Pau Sabata,Javi Lopez,Alvaro Gonzalez Soberon,Enzo Roco,Ruben Duarte,Joan Jordan,Pape Kouli Diop,Gerard Moreno,Marco Asensio,Burgui,Felipe Caicedo,532942,185123,257855.0,193930.0,358138,574662,46836,246438,498033,452243,41622,1.0,3.0,3.0,3.0,3.0,6.0,6.0,8.0,8.0,8.0,11.0
Giedrius Arlauskis,Javi Lopez,Alvaro Gonzalez Soberon,Michael Ciani,Juan Rafael Fuentes,Pape Kouli Diop,Joan Jordan,Hernan Perez,Marco Asensio,Victor Alvarez,Gerard Moreno,Giedrius Arlauskis,Javi Lopez,Alvaro Gonzalez Soberon,Michael Ciani,Juan Rafael Fuentes,Pape Kouli Diop,Joan Jordan,Hernan Perez,Marco Asensio,Victor Alvarez,Gerard Moreno,80265,185123,257855.0,40001.0,190452,46836,574662,88986,498033,52004,246438,1.0,3.0,3.0,3.0,3.0,6.0,6.0,8.0,8.0,8.0,11.0
Pau Sabata,Javi Lopez,Alvaro Gonzalez Soberon,Oscar Duarte,Victor Alvarez,Pape Kouli Diop,Victor Sanchez Mata,Marco Asensio,Abraham Gonzalez,Burgui,Felipe Caicedo,Pau Sabata,Javi Lopez,Alvaro Gonzalez Soberon,Oscar Duarte,Victor Alvarez,Pape Kouli Diop,Victor Sanchez Mata,Marco Asensio,Abraham Gonzalez,Burgui,Felipe Caicedo,532942,185123,257855.0,209922.0,52004,46836,107930,498033,165706,452243,41622,1.0,3.0,3.0,3.0,3.0,6.0,6.0,8.0,8.0,8.0,11.0
Pau Sabata,Javi Lopez,Alvaro Gonzalez Soberon,Oscar Duarte,Victor Alvarez,Marco Asensio,Pape Kouli Diop,Victor Sanchez Mata,Hernan Perez,Felipe Caicedo,Gerard Moreno,Pau Sabata,Javi Lopez,Alvaro Gonzalez Soberon,Oscar Duarte,Victor Alvarez,Marco Asensio,Pape Kouli Diop,Victor Sanchez Mata,Hernan Perez,Felipe Caicedo,Gerard Moreno,532942,185123,257855.0,209922.0,52004,498033,46836,107930,88986,41622,246438,1.0,3.0,3.0,3.0,3.0,7.0,7.0,7.0,7.0,10.0,10.0
Pau Sabata,Javi Lopez,Alvaro Gonzalez Soberon,Oscar Duarte,Ruben Duarte,Abraham Gonzalez,Pape Kouli Diop,Victor Sanchez Mata,Marco Asensio,Gerard Moreno,Burgui,Pau Sabata,Javi Lopez,Alvaro Gonzalez Soberon,Oscar Duarte,Ruben Duarte,Abraham Gonzalez,Pape Kouli Diop,Victor Sanchez Mata,Marco Asensio,Gerard Moreno,Burgui,532942,185123,257855.0,209922.0,358138,165706,46836,107930,498033,246438,452243,1.0,3.0,3.0,3.0,3.0,7.0,7.0,7.0,10.0,10.0,10.0
Pau Sabata,Anaitz Arbilla,Alvaro Gonzalez Soberon,Michael Ciani,Ruben Duarte,Salva Sevilla,Javi Lopez,Victor Sanchez Mata,Victor Alvarez,Gerard Moreno,Felipe Caicedo,Pau Sabata,Anaitz Arbilla,Alvaro Gonzalez Soberon,Michael Ciani,Ruben Duarte,Salva Sevilla,Javi Lopez,Victor Sanchez Mata,Victor Alvarez,Gerard Moreno,Felipe Caicedo,532942,213814,257855.0,40001.0,358138,102879,185123,107930,52004,246438,41622,1.0,3.0,3.0,3.0,3.0,7.0,7.0,7.0,7.0,10.0,10.0
Pau Sabata,Alvaro Gonzalez Soberon,Enzo Roco,Oscar Duarte,Ruben Duarte,Victor Sanchez Mata,Pape Kouli Diop,Hernan Perez,Abraham Gonzalez,Marco Asensio,Gerard Moreno,Pau Sabata,Alvaro Gonzalez Soberon,Enzo Roco,Oscar Duarte,Ruben Duarte,Victor Sanchez Mata,Pape Kouli Diop,Hernan Perez,Abraham Gonzalez,Marco Asensio,Gerard Moreno,532942,257855,193930.0,209922.0,358138,107930,46836,88986,165706,498033,246438,1.0,3.0,3.0,3.0,3.0,6.0,6.0,8.0,8.0,8.0,11.0
Pau Sabata,Javi Lopez,Alvaro Gonzalez Soberon,Enzo Roco,Ruben Duarte,Pape Kouli Diop,Oscar Duarte,Victor Sanchez Mata,Abraham Gonzalez,Marco Asensio,Gerard Moreno,Pau Sabata,Javi Lopez,Alvaro Gonzalez Soberon,Enzo Roco,Ruben Duarte,Pape Kouli Diop,Oscar Duarte,Victor Sanchez Mata,Abraham Gonzalez,Marco Asensio,Gerard Moreno,532942,185123,257855.0,193930.0,358138,46836,209922,107930,165706,498033,246438,1.0,3.0,3.0,3.0,3.0,6.0,6.0,8.0,8.0,8.0,11.0
Pau Sabata,Javi Lopez,Alvaro Gonzalez Soberon,Oscar Duarte,Ruben Duarte,Victor Sanchez Mata,Pape Kouli Diop,Abraham Gonzalez,Hernan Perez,Gerard Moreno,Marco Asensio,Pau Sabata,Javi Lopez,Alvaro Gonzalez Soberon,Oscar Duarte,Ruben Duarte,Victor Sanchez Mata,Pape Kouli Diop,Abraham Gonzalez,Hernan Perez,Gerard Moreno,Marco Asensio,532942,185123,257855.0,209922.0,358138,107930,46836,165706,88986,246438,498033,1.0,3.0,3.0,3.0,3.0,7.0,7.0,7.0,10.0,10.0,10.0
Pau Sabata,Roberto Correa,Alvaro Gonzalez Soberon,Enzo Roco,Ruben Duarte,Victor Sanchez Mata,Oscar Duarte,Pape Kouli Diop,Hernan Perez,Felipe Caicedo,Marco Asensio,Pau Sabata,Roberto Correa,Alvaro Gonzalez Soberon,Enzo Roco,Ruben Duarte,Victor Sanchez Mata,Oscar Duarte,Pape Kouli Diop,Hernan Perez,Felipe Caicedo,Marco Asensio,532942,314947,257855.0,193930.0,358138,107930,209922,46836,88986,41622,498033,1.0,3.0,3.0,3.0,3.0,7.0,7.0,7.0,10.0,10.0,10.0
Pau Sabata,Javi Lopez,Alvaro Gonzalez Soberon,Enzo Roco,Ruben Duarte,Oscar Duarte,Hernan Perez,Pape Kouli Diop,Victor Sanchez Mata,Marco Asensio,Gerard Moreno,Pau Sabata,Javi Lopez,Alvaro Gonzalez Soberon,Enzo Roco,Ruben Duarte,Oscar Duarte,Hernan Perez,Pape Kouli Diop,Victor Sanchez Mata,Marco Asensio,Gerard Moreno,532942,185123,257855.0,193930.0,358138,209922,88986,46836,107930,498033,246438,1.0,3.0,3.0,3.0,3.0,6.0,8.0,8.0,8.0,8.0,11.0
Pau Sabata,Anaitz Arbilla,Alvaro Gonzalez Soberon,Enzo Roco,Ruben Duarte,Jose Canas,Victor Sanchez Mata,Hernan Perez,Marco Asensio,Victor Alvarez,Felipe Caicedo,Pau Sabata,Anaitz Arbilla,Alvaro Gonzalez Soberon,Enzo Roco,Ruben Duarte,Jose Canas,Victor Sanchez Mata,Hernan Perez,Marco Asensio,Victor Alvarez,Felipe Caicedo,532942,213814,257855.0,193930.0,358138,161651,107930,88986,498033,52004,41622,1.0,3.0,3.0,3.0,3.0,6.0,6.0,8.0,8.0,8.0,11.0
Pau Sabata,Anaitz Arbilla,Alvaro Gonzalez Soberon,Enzo Roco,Ruben Duarte,Jose Canas,Victor Sanchez Mata,Hernan Perez,Marco Asensio,Victor Alvarez,Felipe Caicedo,Pau Sabata,Anaitz Arbilla,Alvaro Gonzalez Soberon,Enzo Roco,Ruben Duarte,Jose Canas,Victor Sanchez Mata,Hernan Perez,Marco Asensio,Victor Alvarez,Felipe Caicedo,532942,213814,257855.0,193930.0,358138,161651,107930,88986,498033,52004,41622,1.0,3.0,3.0,3.0,3.0,6.0,6.0,8.0,8.0,8.0,11.0
